Customer_Name,Gender,Age,Region,Product,Units_Sold,Unit_Price,Payment_Method,Order_Date,Customer_Rating,Sales_Amount
Kavya Reddy,Male,56,North,Laptop,4,49992,Netbanking,12/4/2024,2.2,199968
Aarav Sharma,Male,46,South,Tablet,2,36085,Cash,5/8/2024,2.2,72170
Krishna Mishra,Male,32,North,Headphones,3,31182,Card,10/20/2024,2.4,93546
Diya Patel,Male,25,East,Laptop,3,48364,UPI,11/29/2023,3.5,145092
Krishna Reddy,Male,38,North,Laptop,4,19380,Card,5/7/2023,2.3,77520
Aryan Patel,Female,56,South,Headphones,4,38567,UPI,7/11/2024,3.9,154268
Ishaan Joshi,Female,36,East,Tablet,5,43185,Card,7/10/2024,2.6,215925
Diya Sharma,Female,40,South,Headphones,4,18573,Netbanking,1/1/2023,1.3,74292
Sneha Reddy,Male,28,West,Mobile,8,36535,Netbanking,6/17/2023,4.1,292280
Krishna Joshi,Male,28,North,Laptop,6,37674,Cash,9/11/2024,2.1,226044
Krishna Nair,Male,41,South,Laptop,6,25337,Card,1/19/2023,2.7,152022
Rohan Patel,Female,53,North,Mobile,8,18326,Cash,11/28/2023,3.7,146608
Ishaan Joshi,Female,57,West,Tablet,7,25481,Cash,8/6/2024,2.3,178367
Krishna Gupta,Male,41,North,Headphones,8,10882,Cash,3/31/2024,1.2,87056
Tanya Reddy,Female,20,North,Tablet,2,4937,Cash,4/19/2023,2.5,9874
Ananya Reddy,Female,39,West,Headphones,9,5935,Card,9/25/2023,4.8,53415
Rahul Nair,Female,19,East,Laptop,1,25319,Card,3/20/2024,3.6,25319
Rohan Sharma,Female,41,West,Headphones,8,37375,Card,8/28/2023,3.7,299000
Sneha Choudhary,Male,47,North,Headphones,4,32482,Netbanking,10/28/2023,3.5,129928
Riya Gupta,Female,55,South,Laptop,4,33828,UPI,8/24/2024,1.8,135312
Vivaan Joshi,Male,19,West,Laptop,5,12829,UPI,4/13/2023,2.7,64145
Ishaan Nair,Male,38,East,Headphones,8,25669,Cash,9/7/2023,4,205352
Sneha Patel,Female,50,East,Mobile,5,22432,Cash,3/28/2024,1.4,112160
Aditya Kumar,Female,29,East,Tablet,8,35094,Card,6/3/2024,2.1,280752
Priya Joshi,Female,39,West,Headphones,1,11921,Cash,6/2/2023,2.1,11921
Rahul Choudhary,Male,42,East,Headphones,9,45533,Cash,6/23/2023,2.7,409797
Sneha Nair,Male,44,South,Charger,6,8129,Card,12/9/2023,4.9,48774
Kavya Sharma,Female,59,West,Tablet,3,8825,UPI,10/31/2024,1.3,26475
Riya Gupta,Male,45,North,Mobile,8,28995,Card,3/6/2024,3.1,231960
Rahul Verma,Female,33,East,Headphones,9,32250,Netbanking,12/27/2024,1.7,290250
Rahul Choudhary,Female,32,South,Headphones,6,30119,Card,11/19/2024,4.9,180714
Rohan Joshi,Male,20,East,Tablet,7,40961,UPI,11/17/2024,1.5,286727
Aryan Gupta,Female,54,East,Mobile,1,8764,UPI,10/19/2024,2.6,8764
Isha Gupta,Female,24,East,Mobile,5,13186,Card,11/20/2023,4,65930
Ananya Choudhary,Male,38,North,Tablet,5,46984,Cash,11/3/2024,3.8,234920
Diya Sharma,Male,26,North,Mobile,4,24726,Cash,9/30/2024,2.7,98904
Rohan Patel,Male,56,North,Headphones,6,7221,Card,2/24/2024,2.4,43326
Aryan Choudhary,Male,35,North,Charger,7,21109,Cash,8/16/2024,2.6,147763
Krishna Kumar,Male,21,East,Laptop,9,7873,UPI,4/29/2024,2.1,70857
Diya Patel,Male,42,South,Laptop,1,39175,UPI,10/20/2024,1.8,39175
Diya Joshi,Male,31,North,Tablet,6,49395,Card,2/16/2024,2.9,296370
Riya Reddy,Male,26,East,Charger,7,29437,Cash,3/25/2023,2.1,206059
Kabir Patel,Male,43,South,Tablet,3,6156,Card,4/23/2023,2.1,18468
Tanya Joshi,Female,19,North,Mobile,8,9484,Card,11/28/2023,3.6,75872
Vivaan Choudhary,Female,37,West,Charger,5,30484,Netbanking,1/13/2024,4.9,152420
Simran Verma,Female,45,South,Headphones,9,8786,Netbanking,10/16/2024,3.4,79074
Krishna Patel,Female,24,North,Charger,5,6401,Netbanking,2/10/2023,1.3,32005
Kavya Nair,Male,25,North,Charger,9,32052,Netbanking,4/15/2023,1.3,288468
Riya Nair,Female,52,South,Mobile,4,26209,Netbanking,7/21/2023,4.8,104836
Riya Mishra,Female,31,West,Mobile,9,31555,UPI,3/25/2024,2.2,283995
Kavya Mishra,Male,34,South,Headphones,5,38185,UPI,9/23/2023,1.4,190925
Tanya Choudhary,Male,53,East,Laptop,9,8929,Cash,7/29/2023,3.4,80361
Ananya Gupta,Female,57,South,Mobile,3,15216,UPI,7/16/2024,3.5,45648
Aisha Patel,Female,21,West,Laptop,4,49063,UPI,4/28/2023,3.6,196252
Kabir Reddy,Female,19,East,Charger,9,11638,Card,12/13/2024,2.1,104742
Vihaan Verma,Male,23,East,Mobile,6,35798,Card,1/12/2024,1.1,214788
Ananya Patel,Male,59,East,Headphones,2,23929,Netbanking,7/4/2024,4.9,47858
Aditya Mishra,Male,21,West,Charger,7,6272,Card,6/23/2024,2,43904
Priya Verma,Male,46,North,Charger,2,48744,Cash,3/25/2023,3.7,97488
Diya Mishra,Male,35,North,Headphones,2,49019,Card,3/29/2024,3.8,98038
Tanya Mishra,Female,43,East,Headphones,1,36232,UPI,10/28/2024,3.4,36232
Sneha Nair,Male,51,East,Laptop,3,40405,Card,9/20/2024,2.3,121215
Aryan Verma,Female,27,North,Headphones,6,17847,Netbanking,5/28/2024,2.1,107082
Tanya Sharma,Female,53,West,Headphones,8,17420,Card,8/27/2024,3.4,139360
Aarav Joshi,Female,31,North,Laptop,9,32322,Netbanking,11/8/2024,4.5,290898
Aditya Joshi,Male,48,West,Charger,7,47159,UPI,1/22/2024,4.8,330113
Tanya Mishra,Female,32,North,Charger,4,40608,Card,12/16/2023,1.4,162432
Rohan Sharma,Male,25,East,Charger,6,24063,Card,10/23/2023,1.6,144378
Krishna Choudhary,Female,31,North,Mobile,5,8467,Cash,9/15/2023,4.8,42335
Simran Nair,Male,40,West,Mobile,8,45683,Cash,3/22/2023,3.9,365464
Riya Gupta,Male,57,North,Mobile,1,12371,UPI,9/25/2023,4.5,12371
Ananya Kumar,Female,38,East,Mobile,1,29263,Netbanking,2/23/2024,1.8,29263
Vihaan Sharma,Male,33,East,Headphones,6,12416,Netbanking,8/23/2023,3.4,74496
Tanya Gupta,Female,35,West,Tablet,2,9234,Cash,11/7/2023,3.8,18468
Ananya Sharma,Female,41,North,Headphones,5,34113,UPI,12/23/2023,3.7,170565
Aarav Mishra,Male,43,West,Mobile,1,28679,Card,8/1/2023,2.6,28679
Krishna Reddy,Female,42,North,Headphones,7,35762,UPI,7/27/2024,1.1,250334
Aarav Nair,Male,58,South,Charger,1,13177,Cash,2/18/2023,3.3,13177
Diya Gupta,Male,46,West,Charger,4,18768,UPI,5/7/2023,2,75072
Tanya Mishra,Male,32,East,Tablet,9,12830,Netbanking,8/11/2023,2.8,115470
Priya Verma,Female,18,West,Headphones,1,21233,Cash,10/6/2023,4.8,21233
Krishna Kumar,Female,42,South,Headphones,4,38447,Card,2/12/2024,2.6,153788
Tanya Choudhary,Male,24,South,Tablet,6,27786,UPI,5/19/2024,4.4,166716
Diya Choudhary,Female,26,South,Mobile,6,7110,UPI,10/21/2023,1.8,42660
Aditya Mishra,Male,41,East,Tablet,8,6930,Netbanking,10/4/2023,3.7,55440
Tanya Verma,Female,18,North,Laptop,1,40422,Card,3/13/2024,4.9,40422
Vivaan Nair,Male,25,West,Tablet,7,14328,Netbanking,4/17/2023,1.4,100296
Isha Verma,Female,41,West,Mobile,1,43413,Cash,10/19/2024,1,43413
Priya Nair,Female,28,North,Headphones,7,31997,UPI,2/24/2024,2.7,223979
Ishaan Kumar,Female,34,West,Laptop,3,39756,Netbanking,9/2/2024,1.4,119268
Sneha Reddy,Male,25,East,Headphones,8,37118,UPI,3/4/2024,4,296944
Riya Choudhary,Female,52,South,Laptop,3,46832,UPI,1/10/2024,4.7,140496
Diya Sharma,Male,52,East,Tablet,1,27026,Cash,3/14/2023,2.7,27026
Isha Verma,Male,50,South,Charger,8,30658,Netbanking,9/25/2024,2,245264
Aisha Kumar,Male,22,East,Charger,3,25532,Netbanking,1/30/2023,2.7,76596
Isha Verma,Female,59,East,Charger,2,38346,Cash,7/7/2023,3.9,76692
Krishna Patel,Female,56,West,Laptop,1,45436,Cash,12/30/2023,1,45436
Aditya Patel,Female,58,South,Mobile,3,30294,Netbanking,3/26/2024,3.4,90882
Ishaan Sharma,Male,45,East,Laptop,2,5948,Card,7/14/2023,3.5,11896
Ishaan Choudhary,Female,24,West,Headphones,2,29361,UPI,6/5/2023,3.6,58722
Sneha Reddy,Female,26,West,Mobile,6,28641,Cash,6/21/2023,2,171846
Aryan Choudhary,Male,25,West,Mobile,1,9574,UPI,2/10/2023,3.9,9574
Vihaan Gupta,Female,29,South,Mobile,2,6906,UPI,3/4/2023,1.4,13812
Aryan Mishra,Male,51,East,Mobile,6,32323,Card,1/23/2023,1.8,193938
Kabir Nair,Female,50,East,Tablet,3,23791,Netbanking,12/26/2023,4.5,71373
Vivaan Sharma,Male,40,West,Headphones,4,42068,UPI,3/16/2023,4,168272
Aisha Verma,Female,41,East,Headphones,1,32503,UPI,7/13/2024,1.1,32503
Riya Choudhary,Male,54,South,Headphones,8,47351,Cash,11/2/2024,2,378808
Isha Patel,Male,52,North,Laptop,7,34906,UPI,4/28/2023,1.9,244342
Aisha Kumar,Female,57,East,Laptop,7,23812,UPI,9/3/2024,2.1,166684
Tanya Sharma,Female,39,East,Tablet,3,43608,Netbanking,1/15/2024,2,130824
Rahul Nair,Female,44,West,Headphones,3,1882,UPI,11/9/2024,1.3,5646
Ananya Gupta,Female,52,South,Tablet,2,34671,Card,10/17/2023,2.8,69342
Riya Nair,Female,18,West,Mobile,1,42279,Cash,3/15/2024,3.9,42279
Aisha Kumar,Female,52,East,Laptop,7,3792,Netbanking,10/29/2024,3.4,26544
Vivaan Reddy,Female,54,West,Mobile,7,42279,Card,1/7/2023,3.7,295953
Tanya Reddy,Female,31,West,Laptop,2,33687,UPI,7/15/2023,1.3,67374
Diya Choudhary,Male,20,South,Tablet,7,12911,UPI,2/25/2024,4.8,90377
Kabir Patel,Female,18,South,Headphones,8,37785,Netbanking,7/21/2024,4.4,302280
Isha Patel,Male,22,South,Laptop,1,15922,Card,7/12/2023,4.2,15922
Aryan Joshi,Male,43,South,Charger,9,42968,Cash,7/12/2024,4.3,386712
Kavya Mishra,Male,31,South,Charger,7,32871,Netbanking,5/28/2023,4.7,230097
Vihaan Reddy,Female,56,North,Laptop,3,6193,Card,10/30/2024,3.2,18579
Aryan Kumar,Female,44,East,Laptop,8,34035,Netbanking,7/21/2023,1.8,272280
Aditya Gupta,Female,26,East,Tablet,7,15318,Netbanking,3/19/2024,3.5,107226
Aarav Joshi,Male,32,South,Headphones,8,31738,Card,2/23/2024,4,253904
Kabir Gupta,Male,32,East,Tablet,6,31374,Card,3/2/2024,4,188244
Simran Joshi,Female,43,West,Tablet,9,27215,Card,4/23/2024,3.1,244935
Rohan Mishra,Male,59,North,Headphones,5,28105,UPI,4/19/2024,1.3,140525
Aarav Sharma,Female,30,East,Laptop,3,34817,Cash,5/6/2023,2.5,104451
Simran Choudhary,Male,49,South,Headphones,3,31674,Netbanking,1/30/2024,4.7,95022
Kavya Mishra,Male,56,South,Charger,1,10456,UPI,7/29/2024,3.3,10456
Tanya Joshi,Female,49,West,Mobile,8,39408,Netbanking,11/21/2023,3.2,315264
Isha Verma,Female,21,North,Mobile,2,11337,UPI,1/27/2024,2.1,22674
Simran Reddy,Female,47,South,Charger,3,4216,UPI,11/18/2024,2.5,12648
Vihaan Sharma,Male,54,South,Laptop,8,4981,UPI,9/19/2024,4.6,39848
Sneha Choudhary,Male,40,East,Laptop,8,24782,Netbanking,3/15/2024,3.7,198256
Krishna Verma,Male,56,East,Laptop,4,7048,Card,7/23/2023,4.1,28192
Ananya Reddy,Female,32,North,Charger,4,38105,Cash,4/30/2024,2.8,152420
Rahul Nair,Female,46,South,Mobile,5,8258,Card,1/31/2023,3.5,41290
Ishaan Verma,Male,53,West,Charger,6,44168,UPI,1/23/2024,2,265008
Tanya Joshi,Male,30,South,Laptop,5,23677,UPI,9/16/2024,3.8,118385
Ishaan Joshi,Female,49,West,Tablet,7,24522,Netbanking,3/9/2024,2.7,171654
Isha Mishra,Female,24,North,Laptop,2,41261,Cash,1/11/2024,2.8,82522
Rohan Gupta,Male,39,North,Tablet,7,6042,Netbanking,12/10/2023,3.6,42294
Simran Reddy,Female,45,East,Headphones,7,25976,UPI,3/18/2024,4.7,181832
Simran Kumar,Female,19,South,Tablet,1,31284,UPI,8/1/2024,1.3,31284
Isha Patel,Male,59,North,Headphones,7,23240,Netbanking,3/16/2023,4.3,162680
Rahul Nair,Male,23,North,Charger,5,25317,Cash,7/10/2024,2.2,126585
Sneha Verma,Male,45,West,Laptop,3,48096,Netbanking,10/27/2024,2.8,144288
Ishaan Sharma,Male,45,East,Laptop,3,16552,Netbanking,6/4/2023,1.1,49656
Rahul Verma,Male,37,North,Mobile,4,35653,Cash,3/5/2024,2.2,142612
Sneha Choudhary,Female,47,North,Tablet,2,47576,Cash,12/29/2023,3,95152
Aditya Patel,Male,28,North,Tablet,2,1171,Card,3/23/2024,1.2,2342
Rohan Nair,Female,45,South,Charger,1,663,Card,8/22/2023,3,663
Krishna Reddy,Female,42,North,Headphones,5,41924,Card,7/16/2024,4.7,209620
Rohan Nair,Male,56,North,Headphones,4,44502,Netbanking,9/19/2023,1.4,178008
Aisha Kumar,Male,50,East,Laptop,2,5295,Card,5/5/2023,4.1,10590
Aisha Kumar,Female,18,West,Mobile,3,11134,UPI,9/2/2023,2.6,33402
Tanya Gupta,Male,44,East,Charger,7,5298,Cash,6/25/2024,3.6,37086
Vihaan Verma,Male,30,East,Laptop,7,22920,Cash,4/29/2024,2,160440
Aisha Kumar,Male,58,South,Laptop,4,29800,Card,5/2/2023,1.6,119200
Rohan Choudhary,Male,20,South,Mobile,5,24845,Netbanking,5/5/2023,1.6,124225
Rohan Verma,Female,56,North,Laptop,5,11249,Netbanking,7/2/2024,1.3,56245
Tanya Kumar,Male,23,West,Mobile,6,39095,UPI,6/19/2023,1.7,234570
Priya Reddy,Male,25,East,Tablet,9,25621,UPI,5/4/2023,3.7,230589
Diya Joshi,Male,44,East,Charger,2,37987,Netbanking,2/4/2023,4.5,75974
Kabir Verma,Female,26,East,Tablet,5,28911,Netbanking,3/28/2023,4.3,144555
Aryan Kumar,Male,54,East,Headphones,3,33861,Netbanking,10/7/2024,3.7,101583
Simran Patel,Female,50,West,Charger,4,21723,UPI,12/8/2024,1.4,86892
Simran Reddy,Male,59,East,Mobile,6,7894,Netbanking,7/20/2023,2.2,47364
Aryan Kumar,Female,41,North,Mobile,8,14556,Card,1/4/2024,2.2,116448
Ananya Reddy,Female,32,South,Mobile,1,28880,Cash,3/18/2023,2,28880
Aryan Patel,Female,49,North,Headphones,8,26535,Card,2/28/2023,3.1,212280
Diya Reddy,Female,49,North,Headphones,7,31120,Cash,3/6/2024,3.1,217840
Vihaan Verma,Male,41,South,Laptop,1,20377,Card,9/29/2024,2.4,20377
Rahul Patel,Male,58,South,Mobile,2,43904,Netbanking,5/14/2024,2.4,87808
Krishna Reddy,Female,29,North,Mobile,3,31411,Cash,4/19/2023,4.3,94233
Sneha Mishra,Female,56,West,Laptop,1,33284,Cash,10/5/2023,4.2,33284
Aditya Patel,Male,19,East,Laptop,9,3691,Netbanking,3/9/2023,2.2,33219
Priya Verma,Female,20,South,Laptop,8,33660,UPI,3/10/2023,4.7,269280
Rohan Reddy,Male,54,North,Mobile,2,25500,UPI,6/14/2023,4.8,51000
Krishna Gupta,Female,34,South,Tablet,9,39540,Cash,5/3/2024,2.3,355860
Kabir Kumar,Female,19,South,Headphones,7,4131,UPI,11/1/2023,2.4,28917
Diya Joshi,Male,19,East,Headphones,9,6672,Cash,11/4/2024,3,60048
Krishna Joshi,Female,45,South,Laptop,6,42580,UPI,12/31/2023,4.8,255480
Ananya Gupta,Male,40,West,Headphones,6,24061,Card,1/14/2024,4.5,144366
Kabir Reddy,Male,54,East,Laptop,4,25317,UPI,12/9/2023,1.4,101268
Isha Kumar,Male,49,North,Headphones,2,20781,UPI,7/7/2024,2.6,41562
Krishna Kumar,Female,50,North,Charger,7,29171,Card,12/20/2023,3.2,204197
Rohan Sharma,Female,18,North,Mobile,5,25864,Cash,2/20/2024,3,129320
Simran Patel,Female,36,South,Laptop,6,42174,Card,4/19/2023,1.8,253044
Aditya Sharma,Male,19,East,Laptop,2,27925,Card,7/16/2024,4.4,55850
Aryan Mishra,Male,43,East,Charger,5,29102,Card,5/11/2024,3.7,145510
Riya Mishra,Male,49,East,Mobile,4,23753,Netbanking,12/7/2023,4.4,95012
Simran Kumar,Female,23,West,Charger,9,23972,Netbanking,1/18/2024,4.4,215748
Kabir Gupta,Female,49,West,Tablet,6,49730,Netbanking,6/16/2024,4,298380
Vivaan Verma,Male,21,North,Tablet,2,8580,Cash,10/27/2023,2.8,17160
Ananya Sharma,Female,28,South,Laptop,1,7599,Card,5/19/2023,3.4,7599
Kabir Patel,Male,34,South,Laptop,5,25931,UPI,12/25/2023,1.6,129655
Rohan Choudhary,Male,55,North,Charger,9,31686,Cash,5/13/2024,3.7,285174
Kavya Patel,Male,41,South,Headphones,6,48184,Netbanking,1/20/2024,1.7,289104
Priya Choudhary,Female,22,East,Mobile,7,30611,Cash,8/26/2024,3.8,214277
Vihaan Patel,Female,51,East,Headphones,5,40351,Cash,10/7/2023,1.9,201755
Aisha Nair,Female,23,North,Charger,6,23114,Cash,9/28/2024,1.5,138684
Simran Reddy,Female,39,West,Tablet,5,27224,Netbanking,4/27/2024,1.7,136120
Rohan Kumar,Male,28,East,Headphones,9,42491,UPI,4/21/2023,1,382419
Rohan Nair,Male,33,North,Headphones,6,5440,Card,5/19/2023,3.9,32640
Ishaan Reddy,Female,50,East,Headphones,8,29258,Cash,3/10/2024,3.9,234064
Aryan Reddy,Male,26,North,Laptop,2,36724,Card,5/23/2024,3.1,73448
Riya Gupta,Male,23,North,Tablet,9,8288,UPI,9/30/2023,1.6,74592
Kabir Kumar,Male,33,South,Laptop,5,28582,Netbanking,4/9/2023,1.3,142910
Aarav Choudhary,Female,46,South,Laptop,7,24534,Netbanking,4/14/2023,1.1,171738
Aditya Nair,Female,20,West,Charger,1,35979,Card,8/2/2023,1.7,35979
Kavya Verma,Male,37,North,Tablet,5,11780,Cash,10/25/2024,4.6,58900
Tanya Joshi,Female,53,South,Tablet,2,18552,Cash,6/14/2023,2,37104
Riya Mishra,Female,36,South,Tablet,6,17031,Card,6/3/2024,2.4,102186
Kavya Kumar,Female,43,North,Laptop,1,23304,Card,10/11/2023,1.4,23304
Riya Joshi,Female,20,South,Tablet,3,29403,Netbanking,5/31/2024,1.9,88209
Aditya Patel,Female,36,East,Charger,5,45357,UPI,10/18/2024,3.1,226785
Priya Patel,Female,37,West,Charger,4,10642,Card,9/4/2024,3.4,42568
Diya Gupta,Female,49,South,Headphones,3,48855,Cash,6/13/2023,2,146565
Simran Verma,Female,24,South,Laptop,5,10366,Cash,10/20/2024,1.2,51830
Ananya Mishra,Female,58,North,Laptop,8,5031,UPI,3/5/2023,2.6,40248
Aditya Choudhary,Male,50,West,Mobile,4,45954,Cash,4/1/2023,1.9,183816
Rahul Verma,Male,57,South,Mobile,1,38598,UPI,4/27/2023,1.9,38598
Riya Joshi,Male,56,West,Charger,7,38778,Card,9/24/2023,4.8,271446
Diya Kumar,Female,35,East,Charger,8,28638,Cash,11/15/2024,3.5,229104
Priya Kumar,Female,57,East,Tablet,3,27565,Netbanking,7/12/2024,3.2,82695
Priya Mishra,Male,18,West,Headphones,6,30456,Netbanking,5/20/2023,2.7,182736
Rohan Mishra,Male,28,North,Tablet,2,42232,Netbanking,9/3/2023,2.7,84464
Isha Patel,Male,45,West,Charger,7,39761,UPI,10/22/2024,3.2,278327
Riya Reddy,Female,42,North,Tablet,8,11259,Card,1/30/2024,3.8,90072
Priya Joshi,Female,40,West,Charger,6,5939,Netbanking,5/1/2024,3.8,35634
Priya Verma,Male,48,West,Tablet,6,47741,UPI,4/20/2024,1.7,286446
Simran Patel,Female,47,North,Laptop,5,43033,Cash,5/31/2024,3,215165
Isha Joshi,Male,59,North,Mobile,8,28770,Card,7/3/2023,2.6,230160
Diya Sharma,Female,52,East,Charger,1,13779,UPI,1/20/2023,4.5,13779
Vihaan Joshi,Male,24,South,Tablet,4,39779,UPI,7/11/2024,3.5,159116
Sneha Gupta,Male,33,East,Laptop,4,44751,UPI,6/7/2024,3.1,179004
Aisha Joshi,Female,43,East,Tablet,3,24388,Card,8/4/2024,1.5,73164
Krishna Kumar,Male,19,West,Laptop,3,18130,UPI,6/12/2024,3.4,54390
Priya Joshi,Male,18,North,Headphones,4,35644,UPI,5/27/2023,1.5,142576
Vihaan Joshi,Male,29,West,Laptop,1,31682,Netbanking,10/27/2024,2.3,31682
Aryan Gupta,Female,22,North,Headphones,2,26038,Card,10/31/2023,1.6,52076
Vihaan Choudhary,Female,54,South,Headphones,9,12324,UPI,9/11/2024,3.8,110916
Priya Joshi,Female,49,South,Mobile,2,32625,Cash,8/4/2024,1.8,65250
Simran Patel,Male,26,South,Tablet,5,7479,Netbanking,11/25/2024,2.6,37395
Sneha Joshi,Female,58,South,Laptop,9,26689,Cash,8/16/2023,4.6,240201
Isha Nair,Female,52,West,Tablet,9,43100,Card,4/12/2023,1.8,387900
Priya Reddy,Female,36,East,Headphones,8,13004,Card,8/9/2024,3,104032
Riya Reddy,Male,33,South,Tablet,1,21169,UPI,2/21/2024,2.7,21169
Ishaan Mishra,Male,20,South,Tablet,1,7410,UPI,8/4/2023,1.1,7410
Rahul Patel,Female,37,South,Mobile,9,47357,Cash,2/11/2024,4.2,426213
Rahul Mishra,Female,41,East,Mobile,8,35464,UPI,2/3/2024,1.3,283712
Ishaan Verma,Female,50,North,Charger,9,20631,Netbanking,12/15/2024,2.9,185679
Diya Mishra,Male,41,South,Charger,7,25727,Card,12/4/2024,3.2,180089
Aryan Kumar,Female,28,West,Charger,3,6478,UPI,5/13/2024,3.5,19434
Kavya Mishra,Male,25,West,Laptop,3,22491,Card,4/9/2024,3.8,67473
Priya Sharma,Female,53,North,Tablet,2,17653,Netbanking,11/21/2024,2,35306
Aisha Choudhary,Female,55,West,Mobile,5,34048,Netbanking,12/31/2024,1,170240
Tanya Gupta,Female,57,West,Charger,3,43176,UPI,3/23/2023,3.9,129528
Ananya Patel,Male,37,West,Tablet,6,39571,Netbanking,8/26/2024,3.1,237426
Vihaan Kumar,Female,52,North,Headphones,2,47954,Card,11/17/2024,4.3,95908
Priya Gupta,Male,42,South,Headphones,3,4483,UPI,12/31/2023,4.3,13449
Isha Verma,Female,52,East,Laptop,5,10003,UPI,6/12/2023,4.4,50015
Rahul Reddy,Female,42,West,Charger,1,30421,Cash,2/17/2023,2.9,30421
Priya Gupta,Female,46,South,Laptop,1,17405,Card,5/25/2024,2.3,17405
Rahul Verma,Female,35,North,Charger,9,46338,Cash,11/25/2023,4.2,417042
Krishna Reddy,Female,35,East,Headphones,7,24453,Netbanking,4/26/2023,2.8,171171
Rahul Patel,Male,19,South,Laptop,1,27306,Netbanking,12/3/2023,1.7,27306
Priya Reddy,Male,52,North,Tablet,8,45500,Netbanking,5/27/2023,4.4,364000
Sneha Gupta,Female,33,South,Tablet,3,22668,Netbanking,7/28/2024,4.5,68004
Vivaan Nair,Male,58,East,Headphones,8,5083,Card,11/19/2023,2.9,40664
Ishaan Kumar,Male,53,West,Tablet,5,39214,Card,3/18/2024,1.3,196070
Tanya Joshi,Female,50,North,Laptop,1,49645,UPI,1/13/2023,2.6,49645
Rohan Gupta,Female,21,South,Mobile,7,40396,Cash,5/8/2024,4.2,282772
Aryan Gupta,Female,50,West,Laptop,5,12389,UPI,12/1/2024,4.6,61945
Vihaan Joshi,Male,31,East,Laptop,6,27913,UPI,10/14/2023,1.8,167478
Krishna Reddy,Female,38,West,Charger,6,12775,Cash,12/20/2024,1.3,76650
Rohan Verma,Male,37,North,Tablet,8,2961,Cash,4/24/2023,4.5,23688
Riya Nair,Female,25,East,Mobile,9,14791,UPI,4/24/2024,2.6,133119
Aditya Joshi,Male,24,South,Tablet,2,47304,Netbanking,1/22/2023,3.2,94608
Kabir Kumar,Male,20,North,Charger,9,11935,Card,12/15/2023,4.9,107415
Aryan Joshi,Female,34,East,Tablet,9,28435,UPI,12/26/2024,1.3,255915
Krishna Gupta,Female,50,East,Headphones,7,33953,UPI,11/13/2024,3.6,237671
Kavya Patel,Female,29,South,Charger,1,19044,Card,7/19/2024,1.3,19044
Isha Joshi,Female,39,North,Tablet,7,12758,Netbanking,11/16/2023,2.5,89306
Aisha Sharma,Male,39,East,Charger,5,31341,Card,5/6/2023,4.2,156705
Riya Choudhary,Male,47,East,Tablet,6,49258,Netbanking,10/4/2023,2.7,295548
Aryan Reddy,Male,55,West,Headphones,7,49690,Netbanking,7/23/2023,5,347830
Kabir Gupta,Male,55,North,Charger,5,11236,UPI,7/13/2023,3.2,56180
Simran Nair,Male,25,West,Headphones,7,38143,Card,11/11/2024,2.3,267001
Diya Verma,Male,44,East,Mobile,9,44450,Card,10/25/2024,1.9,400050
Aisha Reddy,Female,44,North,Headphones,3,35464,Netbanking,6/30/2024,2.4,106392
Priya Mishra,Female,51,North,Charger,8,28544,Card,11/26/2024,2.5,228352
Tanya Verma,Male,38,North,Mobile,2,40433,Cash,10/13/2023,1.3,80866
Vihaan Sharma,Female,47,East,Mobile,7,16497,Netbanking,2/26/2023,2.5,115479
Ananya Kumar,Male,50,West,Charger,2,14715,Card,10/30/2023,2.9,29430
Ananya Reddy,Female,45,North,Tablet,4,33569,UPI,6/12/2023,3.9,134276
Rohan Reddy,Female,50,West,Mobile,7,24411,Card,1/19/2023,3.6,170877
Krishna Choudhary,Male,22,West,Laptop,3,17530,Netbanking,1/5/2024,3.8,52590
Sneha Patel,Female,36,North,Headphones,2,29834,Netbanking,9/21/2023,1,59668
Aisha Patel,Male,21,West,Charger,7,15071,Cash,4/23/2023,1.9,105497
Tanya Sharma,Male,52,North,Mobile,1,43219,Cash,5/2/2024,3.6,43219
Rohan Sharma,Female,34,West,Tablet,8,29427,Cash,11/23/2023,2.9,235416
Ishaan Joshi,Female,45,South,Headphones,3,21214,Cash,6/25/2024,1,63642
Ananya Mishra,Male,47,North,Charger,2,44041,Cash,10/8/2024,4.2,88082
Vihaan Reddy,Female,46,West,Tablet,3,23887,Cash,8/1/2024,4.1,71661
Kavya Gupta,Male,23,West,Mobile,5,28944,Netbanking,3/6/2023,3.2,144720
Krishna Nair,Male,52,North,Mobile,8,49408,UPI,10/19/2023,1.3,395264
Ishaan Patel,Male,58,North,Laptop,7,20421,Netbanking,1/25/2023,4.1,142947
Krishna Sharma,Male,54,West,Laptop,7,13557,UPI,7/2/2024,3.3,94899
Aditya Nair,Male,41,North,Headphones,7,45768,Card,1/1/2023,4.1,320376
Simran Verma,Female,46,West,Laptop,8,25358,Netbanking,7/2/2024,4,202864
Tanya Kumar,Male,48,South,Tablet,1,49189,Netbanking,5/21/2023,4.2,49189
Aditya Mishra,Female,52,South,Tablet,4,45138,UPI,10/9/2024,3.1,180552
Krishna Mishra,Male,50,East,Mobile,6,26562,UPI,7/7/2023,1.6,159372
Vivaan Sharma,Female,38,South,Tablet,9,37350,Netbanking,5/8/2023,3.7,336150
Diya Mishra,Male,49,West,Laptop,2,46986,Card,7/20/2023,3.5,93972
Vihaan Choudhary,Male,40,East,Headphones,1,21067,Netbanking,5/7/2023,4,21067
Kavya Nair,Male,50,West,Tablet,2,30239,Netbanking,9/14/2023,1.7,60478
Kavya Joshi,Male,20,East,Laptop,7,43785,Cash,11/6/2024,1.8,306495
Priya Mishra,Male,35,East,Mobile,3,4254,Card,6/30/2024,4.6,12762
Simran Choudhary,Male,42,North,Charger,2,27544,Card,7/13/2023,4,55088
Rohan Kumar,Female,59,South,Mobile,7,2224,Card,12/3/2024,4.6,15568
Sneha Nair,Female,48,South,Laptop,2,1876,Card,4/14/2023,4,3752
Tanya Kumar,Male,20,North,Tablet,3,9206,UPI,6/18/2024,3.4,27618
Aisha Gupta,Male,57,West,Laptop,7,9394,UPI,9/22/2023,3.6,65758
Vivaan Verma,Female,41,East,Headphones,4,18537,UPI,1/19/2024,4.6,74148
Kavya Patel,Female,49,East,Mobile,1,18950,Netbanking,9/17/2023,3.3,18950
Rohan Nair,Male,39,West,Mobile,5,16906,Card,2/18/2024,3.5,84530
Vihaan Joshi,Male,40,West,Mobile,9,30225,Cash,12/24/2023,1.6,272025
Aditya Verma,Female,19,West,Tablet,8,6426,Card,3/16/2023,2.9,51408
Priya Reddy,Female,44,South,Mobile,9,39519,Card,12/21/2023,3.9,355671
Sneha Choudhary,Male,59,South,Laptop,9,9996,Netbanking,8/6/2024,2.1,89964
Rahul Verma,Male,19,West,Tablet,7,36568,UPI,7/7/2023,1.8,255976
Krishna Patel,Male,43,North,Charger,4,30306,Card,11/15/2024,2.3,121224
Aryan Gupta,Female,34,East,Mobile,5,23163,UPI,10/17/2023,2,115815
Kavya Patel,Female,57,East,Charger,1,41821,UPI,2/14/2023,1.9,41821
Ananya Gupta,Male,50,North,Charger,1,36995,Card,7/26/2024,2.7,36995
Simran Patel,Male,26,East,Headphones,3,23156,Cash,3/24/2023,4.6,69468
Priya Gupta,Male,56,East,Laptop,8,26360,Cash,5/3/2023,3,210880
Priya Choudhary,Female,46,North,Laptop,2,17332,Cash,12/24/2023,1.8,34664
Diya Nair,Male,59,North,Tablet,4,39287,UPI,6/11/2024,1.3,157148
Aditya Kumar,Female,43,West,Tablet,2,48731,Card,3/7/2023,3.8,97462
Aarav Patel,Male,52,West,Mobile,5,22227,Card,10/18/2024,2.5,111135
Riya Nair,Female,42,West,Laptop,9,43315,Cash,1/10/2024,4.3,389835
Aisha Nair,Male,41,South,Mobile,1,30045,Card,6/11/2023,3.6,30045
Isha Kumar,Female,30,South,Headphones,5,45022,Netbanking,1/15/2024,4.2,225110
Rahul Sharma,Female,24,North,Charger,9,3020,Card,10/17/2024,2.1,27180
Vihaan Mishra,Male,53,South,Mobile,1,3581,Netbanking,12/24/2023,3.8,3581
Rahul Nair,Female,37,East,Tablet,9,34696,Netbanking,7/7/2023,2.1,312264
Diya Verma,Female,18,South,Headphones,8,37235,Card,11/18/2023,4.8,297880
Aditya Gupta,Female,25,West,Charger,4,39713,UPI,3/25/2024,3.5,158852
Riya Joshi,Male,33,South,Mobile,5,15066,Cash,4/18/2024,2.3,75330
Kabir Verma,Male,31,East,Tablet,5,14542,Cash,1/13/2023,2.1,72710
Sneha Gupta,Male,29,East,Laptop,6,25998,Card,7/3/2023,1.8,155988
Krishna Sharma,Female,40,South,Laptop,7,11829,Card,4/21/2023,3.8,82803
Simran Nair,Male,32,South,Laptop,8,32156,UPI,5/22/2024,1.9,257248
Vivaan Sharma,Male,45,South,Laptop,8,2659,Cash,10/17/2023,3.4,21272
Aisha Reddy,Female,51,North,Mobile,2,38400,Cash,10/22/2023,2.1,76800
Riya Kumar,Male,19,South,Laptop,9,19863,Card,3/26/2024,3.6,178767
Isha Choudhary,Female,49,East,Laptop,7,48201,Netbanking,8/3/2023,4.3,337407
Rahul Reddy,Male,40,North,Laptop,4,43741,Card,9/23/2024,4.1,174964
Simran Kumar,Male,39,South,Headphones,4,19533,Card,7/20/2024,4,78132
Simran Gupta,Female,42,North,Mobile,8,11305,Cash,1/27/2023,1.8,90440
Aisha Kumar,Female,39,West,Mobile,4,36351,Card,9/21/2024,1.4,145404
Aarav Kumar,Female,39,North,Tablet,6,27332,UPI,8/19/2023,3.8,163992
Rahul Nair,Male,59,West,Tablet,5,14444,Netbanking,7/18/2024,2.5,72220
Rohan Kumar,Male,23,South,Laptop,3,20373,Card,11/17/2023,2.7,61119
Aryan Joshi,Male,32,South,Charger,2,40872,UPI,8/21/2023,1.1,81744
Diya Choudhary,Female,54,North,Headphones,9,24428,Card,10/31/2024,2,219852
Aditya Verma,Female,50,East,Mobile,9,15879,Netbanking,3/12/2024,1.1,142911
Priya Reddy,Female,25,East,Tablet,1,37251,Cash,6/16/2024,4.5,37251
Krishna Mishra,Male,22,North,Headphones,3,35046,UPI,2/7/2024,2,105138
Krishna Choudhary,Female,56,North,Tablet,8,24786,Cash,2/22/2023,3.2,198288
Kabir Verma,Female,21,North,Tablet,6,5610,Cash,11/9/2023,1.2,33660
Isha Joshi,Male,23,North,Laptop,5,12587,Netbanking,10/8/2023,3.7,62935
Aarav Joshi,Male,49,West,Charger,5,24262,UPI,12/26/2024,2.3,121310
Sneha Mishra,Female,47,East,Tablet,6,17581,Netbanking,1/31/2023,4.6,105486
Isha Reddy,Male,52,West,Mobile,7,35447,Cash,12/3/2023,4.6,248129
Rohan Joshi,Female,57,East,Charger,1,10096,Netbanking,7/2/2023,2.3,10096
Sneha Patel,Female,33,West,Headphones,9,38519,UPI,1/23/2023,4.6,346671
Isha Mishra,Male,30,North,Mobile,3,42503,UPI,6/27/2024,5,127509
Ananya Joshi,Male,59,West,Headphones,4,18813,Cash,3/21/2024,4.3,75252
Rohan Choudhary,Male,47,North,Mobile,1,48139,Cash,3/15/2023,4.4,48139
Isha Mishra,Male,36,South,Laptop,3,1513,UPI,1/10/2023,2,4539
Aisha Reddy,Female,34,East,Tablet,2,49878,Netbanking,4/28/2024,3.3,99756
Kabir Gupta,Male,36,South,Laptop,2,24205,Card,3/31/2024,1.3,48410
Simran Kumar,Female,45,South,Tablet,1,2328,Card,7/19/2024,1.4,2328
Rahul Joshi,Female,43,South,Laptop,8,8409,Card,7/17/2024,5,67272
Vivaan Kumar,Female,54,East,Charger,3,38856,Netbanking,10/21/2024,2.3,116568
Vivaan Reddy,Male,43,North,Charger,3,13609,Netbanking,6/9/2023,4,40827
Kavya Nair,Male,40,East,Laptop,6,2523,Card,1/14/2023,4.2,15138
Simran Joshi,Male,26,West,Headphones,8,15037,Cash,6/27/2023,4.4,120296
Ananya Reddy,Male,29,East,Charger,9,27161,Netbanking,2/16/2024,5,244449
Vihaan Nair,Female,18,South,Charger,9,39159,UPI,2/22/2023,2,352431
Sneha Gupta,Female,18,North,Tablet,4,34348,Card,2/12/2024,1.2,137392
Aarav Mishra,Female,51,South,Laptop,5,38304,UPI,1/22/2023,2.6,191520
Sneha Verma,Male,49,West,Charger,2,15879,Card,1/30/2023,1.5,31758
Kabir Choudhary,Male,42,North,Mobile,9,28266,UPI,12/3/2024,1.1,254394
Sneha Patel,Male,57,West,Mobile,8,44090,Netbanking,9/17/2023,2.4,352720
Kavya Nair,Male,18,East,Laptop,3,3063,Card,7/24/2023,4.1,9189
Vivaan Joshi,Male,33,South,Laptop,9,36560,Card,2/28/2023,3.3,329040
Kabir Joshi,Female,56,East,Mobile,3,29697,UPI,4/15/2024,2.3,89091
Aisha Verma,Male,22,West,Charger,9,4086,UPI,4/10/2024,3.6,36774
Sneha Kumar,Female,39,East,Tablet,2,16587,Cash,1/12/2023,1.9,33174
Tanya Patel,Female,46,North,Tablet,9,49368,UPI,9/22/2024,1.1,444312
Aditya Kumar,Female,20,East,Headphones,8,23725,Netbanking,10/17/2023,4.1,189800
Aarav Joshi,Male,29,North,Charger,9,30250,Netbanking,12/20/2023,3.5,272250
Aditya Mishra,Female,43,West,Tablet,5,7143,Card,9/30/2024,4,35715
Kavya Gupta,Female,33,East,Tablet,2,28023,UPI,3/16/2023,1.2,56046
Priya Choudhary,Male,54,West,Laptop,8,37227,Netbanking,12/16/2024,4.3,297816
Priya Choudhary,Female,39,South,Tablet,6,11505,Card,7/14/2024,3.5,69030
Riya Reddy,Male,46,South,Tablet,8,44043,Card,8/13/2024,3.3,352344
Aryan Nair,Female,31,South,Headphones,5,661,Cash,3/16/2024,3.5,3305
Kabir Mishra,Male,45,North,Charger,2,16529,Card,8/29/2023,4.5,33058
Aditya Choudhary,Male,22,West,Headphones,6,14726,Netbanking,6/3/2023,3.3,88356
Aryan Gupta,Female,47,South,Charger,5,29231,Card,4/6/2023,3.3,146155
Aryan Mishra,Male,22,West,Tablet,5,44422,UPI,12/26/2024,5,222110
Diya Choudhary,Male,29,North,Mobile,1,45348,UPI,10/21/2023,4,45348
Kavya Gupta,Female,33,North,Headphones,2,3890,Card,7/28/2023,2.8,7780
Priya Nair,Female,43,North,Laptop,8,6497,Card,12/9/2023,3.8,51976
Aarav Reddy,Female,43,South,Charger,3,13193,Card,3/29/2023,2.6,39579
Kabir Verma,Male,38,South,Laptop,3,42592,Card,1/25/2024,1.9,127776
Simran Joshi,Male,56,South,Laptop,8,1041,Card,11/21/2023,3.4,8328
Riya Joshi,Female,53,South,Mobile,8,22317,UPI,6/6/2023,4.7,178536
Vivaan Reddy,Male,50,East,Mobile,2,38361,UPI,10/29/2024,4.7,76722
Aisha Reddy,Female,47,East,Tablet,8,13928,Card,10/12/2024,2.4,111424
Riya Kumar,Female,54,South,Headphones,1,44434,Netbanking,9/24/2024,3.1,44434
Krishna Gupta,Male,40,West,Tablet,6,49331,UPI,7/30/2024,1.8,295986
Kavya Kumar,Male,27,West,Tablet,8,10758,Netbanking,9/10/2024,5,86064
Tanya Verma,Male,22,West,Charger,3,16544,Netbanking,10/20/2024,4.9,49632
Ishaan Choudhary,Male,53,South,Laptop,8,29911,Netbanking,5/17/2023,3.6,239288
Rahul Patel,Female,51,North,Headphones,1,5969,Netbanking,11/4/2024,4.2,5969
Simran Mishra,Female,48,North,Laptop,9,29354,Netbanking,3/3/2024,3.9,264186
Diya Nair,Male,27,East,Tablet,9,6756,Cash,3/27/2024,3.4,60804
Ananya Joshi,Male,36,East,Mobile,5,11220,UPI,9/3/2024,1.2,56100
Ananya Kumar,Male,49,North,Mobile,4,34437,Card,5/21/2023,2.8,137748
Aryan Joshi,Male,18,West,Mobile,6,34098,Card,3/24/2023,3.7,204588
Vivaan Patel,Female,22,West,Charger,7,2151,Card,6/26/2023,3.7,15057
Riya Sharma,Male,21,West,Charger,5,19694,Netbanking,7/17/2023,2.5,98470
Vihaan Reddy,Female,33,East,Tablet,9,25551,UPI,9/15/2024,4.8,229959
Ishaan Nair,Male,41,West,Laptop,3,27886,Cash,7/21/2024,1.7,83658
Priya Mishra,Male,33,South,Mobile,7,10018,Cash,11/21/2024,3,70126
Aditya Verma,Female,19,North,Tablet,5,46526,Netbanking,2/25/2024,3.8,232630
Kabir Mishra,Male,45,West,Charger,7,16684,Card,2/5/2024,3.8,116788
Aryan Gupta,Male,49,South,Mobile,2,34287,Card,11/28/2024,3.6,68574
Kavya Joshi,Male,44,North,Laptop,4,22121,Netbanking,4/15/2024,2.1,88484
Ananya Joshi,Female,37,South,Mobile,2,10528,Card,8/6/2023,1.6,21056
Isha Verma,Male,41,South,Headphones,7,12948,UPI,12/29/2024,3.5,90636
Aisha Reddy,Female,29,North,Tablet,2,45753,UPI,9/23/2024,3.4,91506
Aryan Sharma,Female,52,West,Charger,1,34551,Cash,6/24/2023,1.7,34551
Vihaan Kumar,Female,50,East,Mobile,9,30947,Netbanking,1/23/2023,3.8,278523
Sneha Joshi,Male,50,South,Laptop,1,18894,Card,12/25/2024,2.8,18894
Aisha Verma,Male,54,North,Mobile,8,35001,Card,8/23/2023,3.7,280008
Vivaan Joshi,Female,29,West,Charger,2,30754,Netbanking,1/13/2023,4.3,61508
Simran Mishra,Female,20,North,Tablet,8,19009,Netbanking,4/11/2023,1.7,152072
Sneha Patel,Female,18,South,Mobile,3,49498,Netbanking,6/19/2024,1.1,148494
Aisha Kumar,Female,50,North,Headphones,6,14972,Netbanking,6/6/2024,4.1,89832
Vivaan Mishra,Female,57,South,Tablet,3,46157,UPI,3/27/2024,3.4,138471
Vivaan Choudhary,Female,27,West,Mobile,7,3971,Card,3/6/2024,3.8,27797
Vivaan Sharma,Male,46,South,Headphones,9,42296,UPI,8/28/2024,4.4,380664
Rohan Gupta,Male,30,South,Charger,2,30768,UPI,12/13/2024,4.2,61536
Sneha Verma,Female,29,North,Laptop,5,8829,UPI,6/16/2024,4.8,44145
Diya Verma,Male,48,North,Tablet,6,35365,Netbanking,12/23/2024,3.1,212190
Ishaan Patel,Female,19,South,Laptop,4,47350,Netbanking,10/13/2024,3,189400
Vivaan Kumar,Male,52,North,Charger,4,47198,UPI,10/20/2023,2.6,188792
Rohan Verma,Male,40,West,Charger,4,28772,UPI,4/11/2023,1.6,115088
Kabir Reddy,Male,34,North,Headphones,2,43345,Cash,5/16/2024,3.3,86690
Rohan Gupta,Female,43,West,Tablet,4,6897,Cash,10/31/2023,2.1,27588
Ananya Reddy,Male,25,South,Headphones,1,32873,Card,6/23/2024,4.7,32873
Vivaan Reddy,Male,46,North,Laptop,6,36025,Cash,7/6/2024,3.3,216150
Riya Patel,Male,43,East,Mobile,1,25070,Card,12/21/2023,3.4,25070
Rahul Kumar,Female,27,West,Mobile,6,18784,Netbanking,10/30/2023,2.4,112704
Aisha Nair,Male,43,South,Tablet,1,19494,Netbanking,5/10/2024,1.2,19494
Aisha Sharma,Female,51,West,Tablet,6,23784,Cash,10/19/2024,1.1,142704
Ishaan Choudhary,Male,58,East,Charger,8,18333,Netbanking,8/15/2023,2.7,146664
Diya Sharma,Female,24,West,Charger,2,25622,UPI,8/24/2023,1.3,51244
Ishaan Reddy,Female,21,East,Laptop,2,5517,UPI,3/30/2024,3.4,11034
Rahul Patel,Female,28,North,Charger,4,16870,Card,1/13/2023,4.5,67480
Isha Joshi,Female,46,South,Tablet,3,29752,Card,7/29/2023,4.5,89256
Sneha Reddy,Male,53,North,Laptop,4,8499,Card,2/1/2024,3.6,33996
Priya Nair,Male,42,North,Mobile,7,22936,Card,4/10/2023,1.8,160552
Rahul Verma,Female,38,West,Tablet,1,43463,Netbanking,1/31/2023,4.5,43463
Isha Mishra,Female,53,South,Mobile,6,2596,UPI,6/11/2024,4.5,15576
Tanya Patel,Female,27,West,Mobile,3,48701,UPI,10/10/2024,1.8,146103
Kavya Patel,Female,54,West,Headphones,7,25779,Cash,11/25/2023,3.9,180453
Aisha Sharma,Male,26,East,Laptop,2,43863,Netbanking,6/15/2023,2.1,87726
Krishna Mishra,Female,41,East,Headphones,2,49209,Cash,4/3/2024,4.2,98418
Kavya Nair,Male,52,West,Mobile,4,26701,Netbanking,4/10/2023,5,106804
Rohan Sharma,Male,52,West,Mobile,1,20215,Cash,9/12/2024,1.1,20215
Aditya Joshi,Female,53,West,Tablet,3,29809,Cash,6/22/2023,4.6,89427
Simran Verma,Female,35,East,Laptop,9,15578,UPI,6/11/2023,3.5,140202
Rahul Gupta,Female,56,South,Charger,7,5605,UPI,12/28/2024,4.9,39235
Rahul Sharma,Male,49,West,Charger,7,29812,Netbanking,9/20/2023,2.9,208684
Rahul Patel,Female,41,North,Headphones,4,3339,Netbanking,10/1/2023,4.4,13356
Isha Patel,Male,40,East,Headphones,2,3884,Card,1/3/2023,1.2,7768
Kabir Reddy,Female,49,North,Laptop,4,44119,Card,1/28/2023,2.3,176476
Vihaan Reddy,Female,54,East,Headphones,6,43321,Netbanking,11/22/2023,1.3,259926
Ananya Reddy,Female,29,West,Charger,3,13993,UPI,5/29/2023,4.9,41979
Priya Nair,Female,30,South,Tablet,1,17569,UPI,6/23/2024,4.3,17569
Ananya Patel,Male,40,South,Charger,8,47407,Cash,5/2/2024,4.4,379256
Aarav Choudhary,Male,42,North,Laptop,5,8031,Cash,3/13/2024,4.8,40155
Aisha Sharma,Male,52,North,Charger,5,37551,UPI,3/6/2023,1.3,187755
Isha Gupta,Male,58,South,Tablet,4,8236,Card,12/22/2023,2.5,32944
Diya Reddy,Female,47,North,Charger,6,8210,Cash,6/16/2024,1.3,49260
Ishaan Reddy,Female,34,East,Mobile,3,2119,UPI,9/9/2023,1.8,6357
Aarav Choudhary,Male,37,West,Laptop,9,14475,UPI,8/23/2023,1.9,130275
Aditya Sharma,Female,42,North,Headphones,5,46103,Netbanking,8/15/2023,2.9,230515
Simran Sharma,Male,39,East,Tablet,3,23752,Cash,6/8/2024,2.1,71256
Diya Nair,Male,30,North,Tablet,1,15761,Cash,11/9/2023,1.4,15761
Ishaan Sharma,Female,36,North,Headphones,6,1931,Netbanking,2/18/2023,1.7,11586
Rohan Nair,Female,53,South,Charger,2,9567,Cash,4/28/2023,1.6,19134
Kavya Kumar,Male,29,South,Mobile,3,37981,Netbanking,2/23/2023,4.9,113943
Rahul Kumar,Male,58,South,Mobile,1,27537,UPI,10/11/2024,4,27537
Kabir Patel,Female,36,East,Mobile,9,10057,Card,7/18/2024,4.9,90513
Riya Mishra,Male,29,East,Tablet,8,9935,UPI,2/13/2023,2.8,79480
Rahul Kumar,Female,26,South,Charger,2,38266,Cash,2/22/2023,2.1,76532
Tanya Gupta,Female,24,East,Charger,8,662,Netbanking,8/8/2024,4.2,5296
Sneha Patel,Male,45,South,Charger,9,35242,Cash,7/11/2024,2.3,317178
Rohan Mishra,Female,31,North,Tablet,1,20175,Cash,6/8/2024,2.2,20175
Priya Verma,Female,48,West,Headphones,5,8961,Card,11/7/2024,1.9,44805
Aryan Joshi,Male,36,North,Headphones,8,17515,Card,4/12/2023,1.5,140120
Aarav Nair,Male,33,North,Laptop,2,33091,Netbanking,2/2/2024,2,66182
Kavya Reddy,Male,22,West,Laptop,4,28547,Cash,5/18/2023,2.4,114188
Vivaan Nair,Male,52,South,Tablet,7,35282,UPI,11/5/2024,3.7,246974
Priya Patel,Female,29,East,Headphones,3,10333,Netbanking,1/22/2024,1.3,30999
Isha Patel,Male,42,East,Mobile,5,8396,UPI,4/21/2023,1.8,41980
Aryan Kumar,Female,38,South,Tablet,8,33472,UPI,9/5/2024,4.2,267776
Aarav Reddy,Female,53,South,Headphones,3,42300,UPI,1/17/2023,1.6,126900
Priya Mishra,Female,40,East,Mobile,4,31008,UPI,7/1/2023,2.4,124032
Tanya Joshi,Male,33,North,Mobile,9,5847,UPI,6/19/2024,4.5,52623
Tanya Gupta,Male,56,East,Mobile,7,30814,UPI,6/24/2024,1.6,215698
Aryan Reddy,Male,59,South,Headphones,1,3143,UPI,6/20/2023,1.3,3143
Simran Mishra,Male,56,South,Headphones,4,41285,Cash,2/13/2024,2.9,165140
Vivaan Mishra,Male,31,North,Mobile,4,19181,Netbanking,1/13/2024,2.2,76724
Aisha Nair,Female,48,South,Tablet,9,38828,Card,7/7/2023,3.3,349452
Sneha Sharma,Male,22,East,Mobile,6,16392,Cash,8/18/2023,4.2,98352
Isha Gupta,Male,52,East,Laptop,9,47799,Netbanking,4/29/2023,1.5,430191
Sneha Nair,Female,40,South,Mobile,6,17573,Cash,6/5/2023,3.3,105438
Aryan Kumar,Female,46,North,Laptop,6,37268,UPI,11/17/2024,3,223608
Kabir Patel,Male,28,North,Headphones,5,31182,UPI,4/9/2024,1.6,155910
Rohan Verma,Female,35,South,Mobile,5,32762,Card,4/14/2023,3.5,163810
Aditya Nair,Male,29,West,Mobile,2,31858,Cash,8/26/2024,2.1,63716
Tanya Choudhary,Female,26,West,Headphones,8,14789,Card,11/28/2024,3,118312
Rahul Joshi,Female,27,South,Headphones,8,8427,UPI,5/16/2024,1.3,67416
Diya Verma,Male,34,West,Charger,1,48830,UPI,11/23/2024,2.8,48830
Rohan Mishra,Male,55,South,Mobile,8,1671,Netbanking,11/12/2024,2.2,13368
Diya Nair,Male,24,East,Laptop,5,12418,Netbanking,11/29/2024,4.3,62090
Diya Joshi,Female,30,West,Charger,2,42403,Cash,6/24/2023,1.2,84806
Aditya Choudhary,Male,57,North,Headphones,2,39610,Card,11/4/2024,2.7,79220
Sneha Joshi,Female,59,South,Charger,6,12429,Cash,2/25/2024,2.8,74574
Kavya Gupta,Male,26,West,Charger,9,3039,UPI,5/14/2023,3.9,27351
Sneha Reddy,Male,44,West,Mobile,1,37227,Card,1/26/2024,3.3,37227
Aarav Joshi,Male,19,East,Headphones,6,46451,Cash,5/15/2024,3.7,278706
Sneha Choudhary,Male,22,East,Charger,9,23169,Card,10/26/2024,4.1,208521
Simran Sharma,Female,46,South,Laptop,8,5932,Card,2/2/2023,4.4,47456
Aditya Mishra,Male,54,North,Tablet,6,21144,Card,2/24/2023,2.3,126864
Riya Joshi,Male,55,South,Headphones,3,19245,UPI,6/2/2024,3.2,57735
Rohan Choudhary,Female,36,South,Laptop,8,28728,Netbanking,9/29/2024,4.4,229824
Kabir Reddy,Female,25,East,Laptop,9,35021,Card,1/12/2023,5,315189
Krishna Joshi,Male,18,South,Charger,1,32203,Netbanking,6/11/2024,4.6,32203
Rahul Joshi,Female,39,West,Tablet,9,27428,Netbanking,12/20/2024,2.5,246852
Riya Choudhary,Male,34,South,Headphones,6,18822,UPI,7/8/2024,1.8,112932
Diya Reddy,Female,24,South,Headphones,6,22860,Cash,1/8/2024,3,137160
Vivaan Patel,Female,42,West,Laptop,4,29555,Card,4/28/2024,4,118220
Krishna Verma,Female,21,East,Tablet,1,43391,Cash,10/8/2024,3,43391
Isha Choudhary,Male,53,North,Headphones,8,16876,Cash,8/16/2023,2.9,135008
Ishaan Sharma,Female,23,East,Tablet,2,7088,Cash,9/14/2024,4.4,14176
Kabir Sharma,Male,48,East,Mobile,1,25500,UPI,11/3/2023,2.4,25500
Riya Joshi,Male,36,South,Tablet,2,6804,Cash,4/1/2024,4.4,13608
Aryan Sharma,Male,56,South,Tablet,1,7845,UPI,6/9/2023,2.6,7845
Riya Reddy,Female,44,West,Mobile,1,29800,Card,11/27/2023,2.3,29800
Kabir Nair,Female,27,North,Tablet,9,24759,Card,8/13/2023,2.8,222831
Diya Kumar,Male,43,North,Laptop,1,25970,Card,12/29/2024,4,25970
Aryan Joshi,Male,36,East,Headphones,4,23517,Card,5/18/2024,1.5,94068
Aditya Verma,Male,56,North,Tablet,6,15852,Card,3/31/2024,1.8,95112
Vihaan Mishra,Female,20,West,Tablet,7,33865,Card,2/14/2023,4.8,237055
Krishna Gupta,Female,30,West,Charger,2,19946,UPI,8/2/2023,1.7,39892
Rahul Nair,Female,45,South,Headphones,6,2836,UPI,2/28/2023,3.3,17016
Rahul Kumar,Female,37,West,Laptop,7,10379,Cash,10/5/2024,3.3,72653
Riya Gupta,Male,45,West,Mobile,2,32816,Cash,9/7/2024,3,65632
Riya Kumar,Male,25,East,Laptop,2,33840,Card,7/14/2023,3.6,67680
Isha Mishra,Male,58,West,Tablet,7,8021,Card,5/3/2024,1.9,56147
Priya Reddy,Male,56,West,Charger,1,6671,Card,6/6/2023,3.2,6671
Kabir Mishra,Female,18,South,Charger,8,23981,Card,9/1/2024,2.5,191848
Vivaan Sharma,Female,20,West,Tablet,3,18974,UPI,8/14/2023,3.6,56922
Aryan Nair,Female,30,East,Tablet,6,47260,Cash,2/16/2024,1.6,283560
Kabir Sharma,Female,45,South,Charger,9,45129,Card,7/24/2023,3.3,406161
Tanya Patel,Female,42,East,Tablet,6,45732,Card,3/20/2023,1.7,274392
Kavya Choudhary,Female,50,South,Laptop,9,21508,Cash,5/4/2023,2.1,193572
Aisha Verma,Male,55,East,Charger,7,2133,Cash,4/15/2024,1.9,14931
Aarav Choudhary,Male,23,South,Laptop,9,12985,UPI,8/6/2023,1.7,116865
Rahul Sharma,Male,49,South,Laptop,2,44117,Cash,5/30/2024,4.3,88234
Tanya Joshi,Female,38,East,Mobile,8,4148,Card,8/24/2024,2.1,33184
Diya Joshi,Male,33,West,Tablet,8,48445,Card,4/14/2023,4.7,387560
Vivaan Gupta,Female,38,South,Headphones,2,13640,Netbanking,1/28/2024,4.9,27280
Tanya Verma,Female,28,North,Mobile,4,18421,Netbanking,9/22/2024,3.3,73684
Kavya Joshi,Female,54,North,Charger,7,14857,Netbanking,10/6/2024,1.6,103999
Aisha Kumar,Female,53,East,Charger,4,46636,Cash,8/30/2024,2.5,186544
Krishna Mishra,Male,52,East,Headphones,4,3637,UPI,3/9/2024,4.2,14548
Riya Nair,Female,36,West,Mobile,6,597,Card,11/27/2023,2.5,3582
Tanya Kumar,Female,37,East,Mobile,6,11907,Cash,5/23/2023,1.3,71442
Priya Patel,Male,35,East,Laptop,3,31075,Netbanking,6/23/2024,3.2,93225
Kavya Gupta,Female,58,East,Tablet,9,13222,Card,10/5/2023,4.4,118998
Aisha Sharma,Female,31,South,Charger,2,13424,UPI,8/21/2023,4.2,26848
Simran Nair,Male,32,East,Headphones,6,4250,Netbanking,6/12/2024,1.7,25500
Aarav Verma,Female,48,West,Charger,7,28233,Card,7/24/2024,3.7,197631
Kavya Sharma,Male,18,West,Laptop,9,9035,UPI,3/31/2023,1.9,81315
Aditya Nair,Male,20,South,Mobile,3,24987,Netbanking,5/6/2024,1.9,74961
Isha Patel,Male,33,North,Tablet,3,31151,UPI,7/18/2023,4.5,93453
Aisha Mishra,Male,40,North,Tablet,7,5166,Card,12/28/2023,2,36162
Aryan Nair,Male,28,South,Headphones,4,49277,UPI,3/16/2024,2.1,197108
Simran Reddy,Male,29,East,Tablet,8,17494,Netbanking,1/26/2023,1,139952
Kabir Kumar,Male,27,West,Headphones,7,2227,Card,1/25/2023,4.5,15589
Vivaan Gupta,Male,49,West,Laptop,5,35122,Cash,1/29/2024,4.2,175610
Aarav Joshi,Male,33,East,Headphones,7,11300,Netbanking,5/21/2024,3.5,79100
Ananya Choudhary,Female,25,South,Tablet,3,38323,Netbanking,10/28/2023,4,114969
Vivaan Reddy,Female,55,South,Laptop,2,43539,UPI,12/5/2023,1.6,87078
Sneha Choudhary,Female,29,East,Laptop,6,19208,Cash,9/24/2023,2.8,115248
Vihaan Joshi,Female,41,West,Charger,2,13319,Cash,4/5/2024,2.4,26638
Sneha Choudhary,Male,45,West,Headphones,3,9869,Cash,11/23/2024,1.4,29607
Ishaan Verma,Female,25,East,Tablet,6,9783,Cash,3/31/2024,2.9,58698
Rohan Kumar,Male,45,West,Mobile,5,31073,Card,12/26/2023,4.7,155365
Riya Sharma,Female,53,East,Charger,8,13671,Netbanking,3/9/2023,1.2,109368
Isha Reddy,Male,43,South,Headphones,9,31433,Card,2/16/2024,2.2,282897
Aryan Sharma,Female,25,East,Charger,3,6274,Card,5/5/2024,1.8,18822
Ishaan Kumar,Male,45,East,Headphones,3,7019,Card,2/18/2023,2,21057
Isha Reddy,Female,45,North,Charger,3,11483,Cash,11/17/2024,4.6,34449
Simran Verma,Female,54,West,Tablet,6,31432,Netbanking,7/17/2024,2.9,188592
Aisha Choudhary,Female,58,South,Laptop,1,31298,Card,4/12/2023,2.9,31298
Aarav Patel,Female,53,South,Charger,7,18633,Cash,8/4/2023,4,130431
Kavya Patel,Male,44,North,Tablet,1,15439,Netbanking,3/13/2024,1.6,15439
Diya Verma,Male,34,North,Mobile,5,1281,Netbanking,11/30/2024,2.9,6405
Isha Choudhary,Female,26,West,Headphones,8,49550,UPI,7/22/2024,2.7,396400
Simran Verma,Female,50,West,Laptop,4,28124,Netbanking,7/12/2024,3.4,112496
Vihaan Reddy,Female,37,North,Charger,5,7323,UPI,6/8/2023,5,36615
Rahul Choudhary,Male,30,West,Mobile,4,18989,Card,5/3/2024,4.1,75956
Priya Mishra,Female,45,West,Mobile,4,40461,Netbanking,11/16/2024,2.6,161844
Rahul Verma,Female,46,East,Laptop,8,29618,Cash,8/30/2023,4.3,236944
Priya Sharma,Male,30,South,Laptop,2,35381,Netbanking,1/5/2023,1.7,70762
Sneha Mishra,Female,52,South,Headphones,1,16780,UPI,8/18/2024,1.1,16780
Ananya Gupta,Male,23,South,Tablet,3,22763,Cash,12/27/2023,1.8,68289
Krishna Choudhary,Female,35,East,Tablet,9,14065,UPI,4/3/2024,2.4,126585
Vihaan Joshi,Female,22,South,Tablet,4,20854,Cash,9/5/2023,3,83416
Vivaan Sharma,Female,42,East,Tablet,5,43451,UPI,7/19/2024,3.5,217255
Vihaan Nair,Male,19,South,Laptop,2,26143,UPI,11/3/2024,4.6,52286
Vihaan Verma,Male,27,East,Headphones,4,24148,UPI,2/26/2024,3,96592
Riya Verma,Female,47,East,Charger,2,42471,Card,1/15/2023,3,84942
Riya Mishra,Male,22,South,Laptop,2,19158,Netbanking,7/26/2024,1.2,38316
Tanya Reddy,Male,50,South,Headphones,4,21753,UPI,5/2/2023,1.1,87012
Priya Choudhary,Female,18,North,Tablet,6,49063,Netbanking,10/4/2023,3.2,294378
Sneha Choudhary,Male,35,East,Charger,7,26890,Netbanking,7/11/2024,2.8,188230
Kabir Sharma,Male,49,North,Mobile,3,23628,Netbanking,3/28/2024,4.4,70884
Aryan Nair,Male,28,North,Charger,3,13989,Card,1/25/2024,1.6,41967
Aarav Gupta,Male,38,South,Charger,6,38814,UPI,10/21/2023,1.1,232884
Rohan Verma,Male,43,West,Headphones,3,33158,Netbanking,7/27/2024,2.8,99474
Aarav Reddy,Male,42,South,Headphones,2,7352,Card,8/20/2024,1.9,14704
Ishaan Kumar,Male,39,South,Laptop,8,29950,UPI,3/21/2024,1.2,239600
Ananya Reddy,Male,44,West,Laptop,5,3051,Cash,7/29/2023,3.9,15255
Diya Patel,Male,30,East,Headphones,1,6911,Card,8/12/2024,1.4,6911
Rahul Patel,Female,50,West,Mobile,3,49659,Netbanking,12/14/2024,3.4,148977
Krishna Reddy,Female,51,East,Tablet,8,33743,Cash,10/29/2023,2.1,269944
Krishna Patel,Male,58,North,Headphones,4,22300,Card,8/11/2023,1.7,89200
Riya Sharma,Female,52,North,Charger,7,10903,Cash,1/3/2023,2.5,76321
Aarav Kumar,Female,18,North,Tablet,2,7739,Cash,6/1/2024,4.2,15478
Simran Joshi,Male,38,West,Headphones,7,7210,Card,4/3/2023,2.6,50470
Ishaan Sharma,Female,23,West,Laptop,5,21884,Netbanking,6/3/2024,4,109420
Tanya Verma,Female,45,North,Tablet,5,21538,Netbanking,3/3/2024,1.5,107690
Rahul Sharma,Female,34,North,Laptop,6,41346,Cash,5/7/2024,4.1,248076
Ishaan Choudhary,Female,22,West,Tablet,9,22947,Netbanking,8/23/2023,1.9,206523
Aryan Kumar,Male,48,West,Headphones,6,2785,UPI,9/11/2024,3.7,16710
Kavya Gupta,Female,22,West,Tablet,8,38491,UPI,6/10/2023,3.3,307928
Diya Joshi,Male,55,East,Mobile,7,14021,Cash,12/21/2024,4.7,98147
Krishna Nair,Female,20,West,Laptop,9,48157,Cash,11/27/2023,2.5,433413
Krishna Kumar,Female,40,South,Tablet,4,7471,Card,11/29/2023,1.3,29884
Rahul Gupta,Male,54,South,Charger,2,29639,UPI,2/19/2023,1.1,59278
Aisha Verma,Female,54,West,Mobile,7,20409,Cash,6/6/2024,4.3,142863
Kavya Verma,Male,27,North,Laptop,6,12031,Cash,10/29/2024,3.1,72186
Isha Patel,Male,27,West,Laptop,1,15221,Cash,5/6/2024,4.1,15221
Rahul Choudhary,Male,36,East,Mobile,9,19706,Cash,8/4/2024,1.9,177354
Aryan Sharma,Female,34,North,Charger,9,38211,Card,11/11/2024,2.4,343899
Vivaan Mishra,Female,38,South,Tablet,2,7030,UPI,9/29/2023,1.1,14060
Aditya Reddy,Male,31,East,Mobile,3,11616,Cash,8/2/2024,4.8,34848
Tanya Mishra,Male,26,South,Laptop,5,758,UPI,9/9/2023,3.7,3790
Vihaan Choudhary,Female,18,North,Charger,5,782,Card,7/13/2024,4.7,3910
Sneha Mishra,Female,30,South,Tablet,1,14437,Cash,11/26/2024,2.1,14437
Aisha Kumar,Male,21,West,Mobile,8,2398,Netbanking,11/29/2024,3.4,19184
Simran Choudhary,Male,18,North,Laptop,8,4635,Netbanking,3/31/2023,3.7,37080
Isha Kumar,Female,57,South,Mobile,4,7129,Cash,3/21/2024,2.3,28516
Kabir Reddy,Female,49,North,Charger,7,44436,Card,11/28/2023,4.4,311052
Vivaan Reddy,Male,51,West,Charger,3,20084,Netbanking,5/19/2023,4.8,60252
Diya Joshi,Female,45,North,Tablet,6,24051,UPI,12/23/2023,4.5,144306
Priya Verma,Male,48,West,Laptop,9,33880,Cash,8/23/2024,4,304920
Kabir Verma,Female,25,South,Laptop,1,47471,UPI,10/1/2023,2.1,47471
Ananya Gupta,Female,56,South,Headphones,5,17571,Netbanking,1/19/2023,2.1,87855
Kavya Gupta,Male,43,North,Headphones,4,20574,Netbanking,11/7/2023,4.9,82296
Krishna Mishra,Female,51,North,Headphones,8,25688,Netbanking,6/3/2023,1,205504
Priya Choudhary,Male,20,East,Laptop,1,2807,Netbanking,1/25/2024,3.9,2807
Krishna Kumar,Male,29,South,Headphones,9,40401,Card,9/17/2023,3.8,363609
Sneha Sharma,Male,18,West,Tablet,6,11705,UPI,9/11/2024,3.5,70230
Vihaan Mishra,Female,22,East,Laptop,4,6406,Card,7/24/2024,5,25624
Simran Nair,Female,47,North,Headphones,9,3091,UPI,5/5/2023,2.2,27819
Rohan Patel,Female,47,East,Headphones,5,15649,UPI,12/20/2023,2.4,78245
Vivaan Choudhary,Male,34,West,Charger,5,45418,Cash,9/30/2023,1.3,227090
Aisha Nair,Female,40,West,Headphones,5,40451,Netbanking,9/10/2024,2.8,202255
Diya Kumar,Male,32,West,Laptop,1,25650,UPI,9/2/2023,2,25650
Ishaan Kumar,Female,54,North,Mobile,1,32352,Netbanking,3/25/2024,2.4,32352
Ishaan Kumar,Female,38,South,Tablet,8,43370,Card,9/4/2023,4.3,346960
Rohan Sharma,Male,31,East,Laptop,8,1783,Card,6/3/2024,4.7,14264
Isha Gupta,Female,19,North,Headphones,6,34191,Netbanking,5/21/2023,1.7,205146
Aditya Joshi,Female,28,South,Headphones,4,1625,Card,12/28/2023,2.5,6500
Aisha Gupta,Male,56,North,Laptop,2,2029,UPI,1/8/2023,4.7,4058
Aisha Mishra,Male,55,South,Headphones,2,26670,Card,4/22/2024,1.2,53340
Diya Sharma,Male,51,North,Charger,9,8938,Netbanking,12/18/2023,1.4,80442
Rahul Patel,Female,55,West,Headphones,5,20595,Netbanking,5/9/2024,1.7,102975
Priya Patel,Male,51,South,Laptop,4,16654,Cash,8/28/2024,3.4,66616
Vihaan Gupta,Male,35,East,Tablet,1,8504,Card,3/2/2024,1.6,8504
Krishna Mishra,Female,47,South,Charger,7,10252,Netbanking,2/8/2023,4.9,71764
Rahul Sharma,Female,32,North,Mobile,3,43860,Netbanking,8/15/2024,2.8,131580
Riya Mishra,Male,44,West,Charger,6,27319,UPI,7/6/2023,3,163914
Tanya Choudhary,Male,51,West,Mobile,5,37132,Card,8/18/2024,2,185660
Riya Patel,Male,55,East,Charger,5,27015,UPI,8/22/2024,2.9,135075
Vihaan Joshi,Male,50,North,Mobile,5,24717,Card,4/3/2023,3.6,123585
Ananya Choudhary,Female,41,East,Laptop,1,23672,Card,3/27/2023,4,23672
Riya Patel,Male,32,East,Tablet,1,33494,UPI,2/13/2023,4,33494
Isha Joshi,Female,47,South,Headphones,3,15536,Cash,5/17/2023,3.3,46608
Aisha Joshi,Female,59,South,Laptop,4,12239,Cash,2/25/2024,4.6,48956
Ishaan Choudhary,Female,34,East,Mobile,5,32720,Cash,3/15/2023,4.3,163600
Rohan Nair,Male,22,South,Charger,2,49916,Card,7/1/2024,4,99832
Tanya Nair,Female,46,West,Headphones,8,10087,Cash,9/4/2024,1.2,80696
Vivaan Mishra,Female,21,West,Mobile,2,45017,UPI,5/26/2024,1,90034
Tanya Reddy,Male,27,North,Charger,9,30629,Cash,6/5/2023,1.8,275661
Tanya Joshi,Male,34,West,Tablet,2,1145,Card,9/12/2023,3.7,2290
Simran Choudhary,Male,27,West,Headphones,9,31430,Netbanking,6/20/2023,2.6,282870
Ananya Patel,Male,34,South,Laptop,7,16799,UPI,12/28/2024,2.6,117593
Diya Kumar,Male,37,West,Headphones,8,30590,UPI,6/19/2023,4.5,244720
Ananya Kumar,Female,41,North,Tablet,2,22453,Cash,11/18/2023,4.6,44906
Aryan Nair,Male,22,South,Laptop,7,46943,Netbanking,7/20/2024,4.6,328601
Rahul Choudhary,Male,51,West,Headphones,6,26975,Cash,3/31/2024,2.3,161850
Sneha Patel,Female,23,West,Tablet,4,19388,UPI,8/25/2024,3.8,77552
Aryan Mishra,Female,19,North,Charger,7,44232,Card,9/4/2024,2.1,309624
Vivaan Reddy,Female,30,West,Mobile,4,16587,Netbanking,6/4/2023,1.8,66348
Krishna Joshi,Female,28,East,Laptop,2,46805,Cash,12/15/2023,1.7,93610
Tanya Gupta,Male,40,South,Charger,7,46537,Netbanking,3/26/2024,2.4,325759
Ishaan Patel,Female,33,North,Charger,8,9846,Card,10/14/2024,2.7,78768
Kavya Gupta,Male,48,East,Laptop,2,1087,Cash,6/22/2023,4.3,2174
Ananya Sharma,Male,28,West,Mobile,5,13263,Netbanking,1/10/2023,1.5,66315
Aisha Joshi,Male,33,West,Charger,1,42445,Cash,9/22/2023,3.9,42445
Rahul Gupta,Male,25,North,Charger,7,4579,Card,3/13/2024,3.1,32053
Aisha Reddy,Female,21,North,Mobile,8,36616,Card,9/4/2023,2.2,292928
Kabir Sharma,Male,57,West,Laptop,6,20715,Cash,10/28/2024,3,124290
Rohan Verma,Male,21,South,Charger,5,26317,Netbanking,6/29/2024,2.2,131585
Riya Sharma,Male,42,South,Mobile,6,25265,UPI,5/13/2024,3.4,151590
Sneha Verma,Female,20,West,Headphones,2,30612,UPI,5/9/2023,2.7,61224
Krishna Nair,Female,49,West,Laptop,1,26056,UPI,11/2/2024,1.7,26056
Sneha Reddy,Male,20,West,Tablet,7,18599,Card,8/23/2024,1.5,130193
Rahul Verma,Male,44,East,Charger,7,44053,Card,8/27/2024,3.2,308371
Aryan Patel,Male,46,North,Tablet,2,45596,Netbanking,11/23/2023,4.6,91192
Aditya Reddy,Male,49,North,Mobile,2,6950,Netbanking,2/8/2024,2.4,13900
Tanya Kumar,Male,36,West,Charger,1,13730,UPI,9/20/2024,3.9,13730
Kavya Verma,Female,38,North,Headphones,8,29509,Netbanking,8/28/2024,3.6,236072
Vihaan Nair,Female,22,West,Laptop,8,5933,Card,11/5/2024,4.7,47464
Aryan Gupta,Female,35,South,Laptop,1,34366,Netbanking,9/2/2024,4.3,34366
Rahul Reddy,Female,45,East,Charger,8,40364,UPI,9/16/2024,3.3,322912
Aditya Patel,Female,59,East,Headphones,9,19210,Card,12/25/2023,3.6,172890
Isha Gupta,Female,39,North,Tablet,4,11939,Cash,8/25/2024,4.6,47756
Ananya Joshi,Male,38,North,Tablet,1,42355,UPI,12/18/2024,2.6,42355
Isha Reddy,Male,23,West,Tablet,1,16521,Cash,1/17/2023,2.3,16521
Tanya Kumar,Female,18,North,Headphones,3,6916,Netbanking,10/1/2023,1,20748
Rahul Joshi,Male,22,North,Charger,5,7480,Cash,11/15/2024,4.3,37400
Priya Sharma,Male,58,North,Charger,5,18558,Netbanking,4/26/2023,4.2,92790
Aarav Joshi,Female,29,North,Mobile,9,11601,UPI,11/23/2024,1.4,104409
Aryan Joshi,Female,43,West,Charger,2,41218,Netbanking,4/1/2023,3.3,82436
Aisha Reddy,Male,51,South,Tablet,2,33102,Cash,3/23/2023,2.9,66204
Tanya Kumar,Male,31,East,Charger,6,9622,Netbanking,11/20/2023,1.5,57732
Aditya Verma,Male,43,North,Charger,9,13076,UPI,4/24/2023,4.9,117684
Rohan Reddy,Female,44,South,Mobile,1,28016,Netbanking,2/27/2023,1.9,28016
Simran Verma,Female,26,East,Laptop,9,22933,UPI,6/3/2023,1.3,206397
Ananya Gupta,Female,43,North,Charger,9,1589,Card,2/8/2024,3.4,14301
Vivaan Patel,Female,39,South,Headphones,9,37846,Netbanking,9/19/2024,4,340614
Kavya Sharma,Female,47,North,Headphones,5,9627,UPI,9/23/2023,1.1,48135
Aryan Nair,Female,34,South,Charger,9,10987,UPI,11/11/2023,3.6,98883
Aisha Patel,Female,43,North,Mobile,4,655,UPI,12/15/2024,3.1,2620
Kavya Gupta,Male,53,South,Tablet,2,2458,UPI,2/10/2023,1.4,4916
Tanya Choudhary,Female,18,East,Headphones,6,11193,Cash,4/15/2023,1.7,67158
Priya Patel,Female,25,West,Mobile,4,39612,Cash,7/12/2023,3.3,158448
Sneha Verma,Male,52,West,Mobile,6,39047,UPI,2/5/2024,2.2,234282
Ishaan Sharma,Female,32,South,Charger,3,29295,UPI,10/5/2023,4.8,87885
Kabir Reddy,Female,39,South,Mobile,6,21947,Cash,12/20/2023,4.3,131682
Priya Joshi,Female,31,South,Mobile,2,37098,Card,8/2/2024,4.9,74196
Krishna Verma,Female,43,East,Mobile,2,42314,Cash,12/9/2024,2,84628
Kabir Joshi,Female,45,East,Mobile,9,25715,Cash,9/13/2023,4.9,231435
Vihaan Gupta,Male,40,South,Tablet,7,10294,Netbanking,10/12/2024,2.7,72058
Aisha Mishra,Male,31,East,Tablet,3,33709,Cash,10/22/2024,2.4,101127
Kavya Verma,Female,41,South,Mobile,1,22924,UPI,4/9/2023,1.2,22924
Riya Mishra,Male,19,South,Headphones,8,47746,Card,8/10/2024,1.2,381968
Riya Verma,Female,43,North,Tablet,6,37896,UPI,10/9/2023,3.8,227376
Simran Verma,Male,31,South,Mobile,7,6870,Card,2/7/2024,2.8,48090
Rohan Gupta,Female,24,North,Tablet,9,10028,Netbanking,4/19/2023,1.9,90252
Tanya Choudhary,Male,20,East,Charger,5,28776,Card,11/30/2024,3.5,143880
Aryan Verma,Male,40,South,Mobile,1,44833,Card,7/18/2023,2,44833
Aryan Verma,Male,35,East,Tablet,7,8679,Netbanking,10/30/2023,3.3,60753
Tanya Kumar,Male,55,East,Laptop,5,49281,Card,11/23/2023,2.4,246405
Diya Mishra,Female,52,West,Headphones,3,17343,Netbanking,6/3/2023,4.3,52029
Aarav Mishra,Female,32,South,Charger,9,24452,Card,7/5/2024,4.3,220068
Aisha Gupta,Female,42,South,Laptop,1,33660,Card,10/6/2024,2.9,33660
Aisha Nair,Male,54,South,Charger,1,45398,UPI,2/9/2024,2.4,45398
Rahul Reddy,Female,45,West,Mobile,1,30016,Cash,4/6/2024,2.5,30016
Rahul Reddy,Female,27,East,Charger,3,10949,UPI,5/12/2023,4.2,32847
Aisha Mishra,Male,56,East,Headphones,6,21625,Card,3/25/2023,2.3,129750
Sneha Nair,Male,34,South,Tablet,3,7918,Netbanking,2/3/2024,1.8,23754
Aryan Nair,Female,56,West,Charger,8,23246,UPI,9/19/2024,1.3,185968
Krishna Patel,Male,39,East,Charger,2,2954,UPI,4/19/2023,2.9,5908
Aarav Reddy,Male,43,East,Headphones,9,18261,Netbanking,8/9/2023,2.9,164349
Vihaan Kumar,Female,42,North,Charger,3,15723,Card,7/6/2024,4.4,47169
Rahul Kumar,Male,34,North,Charger,5,7201,Netbanking,1/3/2024,1.9,36005
Vihaan Verma,Female,30,East,Laptop,8,3097,UPI,5/27/2023,2.5,24776
Priya Patel,Male,37,West,Tablet,2,641,Netbanking,4/22/2023,4.2,1282
Rohan Patel,Female,42,South,Laptop,6,3159,Netbanking,9/6/2024,4.3,18954
Krishna Verma,Male,21,North,Headphones,5,21480,Card,7/11/2024,2.5,107400
Ananya Nair,Male,27,West,Charger,9,9531,UPI,5/8/2024,2.8,85779
Simran Joshi,Female,20,West,Tablet,5,15537,UPI,5/19/2024,2.2,77685
Aisha Gupta,Male,58,South,Headphones,2,47238,Netbanking,4/19/2024,4.7,94476
Aarav Verma,Male,35,North,Tablet,5,38929,Card,9/28/2023,1.5,194645
Ananya Choudhary,Female,53,North,Headphones,4,6642,Card,2/25/2024,4.7,26568
Simran Joshi,Female,39,North,Laptop,7,12609,UPI,12/7/2024,3.7,88263
Vihaan Gupta,Male,51,North,Headphones,6,22510,UPI,1/2/2024,3.1,135060
Ananya Gupta,Female,25,North,Tablet,2,9287,Netbanking,10/7/2023,1.1,18574
Aisha Reddy,Male,57,North,Tablet,5,43364,Netbanking,10/10/2023,2.9,216820
Tanya Gupta,Male,36,North,Mobile,7,8972,UPI,2/9/2023,2.6,62804
Riya Gupta,Female,59,North,Headphones,7,23883,Card,7/8/2023,1.6,167181
Vihaan Gupta,Male,58,North,Charger,5,4749,Card,6/13/2023,3.6,23745
Rohan Reddy,Female,54,East,Charger,9,48217,Netbanking,6/19/2024,4.9,433953
Vivaan Reddy,Male,23,East,Mobile,4,35018,Card,6/19/2024,3.2,140072
Vihaan Patel,Female,43,South,Headphones,3,18851,Card,1/4/2023,3.9,56553
Ishaan Sharma,Male,51,West,Laptop,4,4588,UPI,10/17/2023,1.3,18352
Kavya Joshi,Female,23,West,Laptop,5,15782,Netbanking,3/8/2024,2.7,78910
Aarav Gupta,Male,54,East,Tablet,6,19830,Cash,4/15/2024,1.5,118980
Riya Joshi,Female,50,North,Tablet,3,42909,Netbanking,6/30/2023,3.5,128727
Simran Verma,Female,39,North,Headphones,2,22278,Card,9/5/2023,4.8,44556
Rohan Choudhary,Female,38,West,Mobile,4,24764,Card,9/19/2024,3.6,99056
Aisha Verma,Female,23,East,Headphones,5,5575,Cash,10/6/2023,1.3,27875
Diya Reddy,Female,23,West,Tablet,4,10912,Netbanking,8/3/2024,2.4,43648
Vihaan Joshi,Female,21,East,Tablet,3,48954,Netbanking,9/11/2023,3.2,146862
Rohan Choudhary,Female,47,West,Headphones,8,28865,Netbanking,6/30/2023,2.6,230920
Aarav Nair,Female,28,North,Headphones,4,7730,Card,11/11/2024,4.3,30920
Ishaan Nair,Female,47,East,Laptop,2,48700,Netbanking,5/23/2024,4.3,97400
Aisha Mishra,Male,48,West,Laptop,2,11502,Card,11/30/2024,3.4,23004
Ananya Kumar,Female,41,North,Charger,1,14447,Card,7/19/2024,2.5,14447
Priya Nair,Male,26,West,Charger,4,14186,Cash,11/22/2023,2,56744
Aditya Choudhary,Female,20,East,Laptop,9,29804,Cash,12/23/2023,1.4,268236
Vivaan Mishra,Female,48,West,Headphones,7,13574,UPI,10/11/2024,2.4,95018
Priya Nair,Male,57,West,Tablet,7,4993,Card,11/10/2024,2.7,34951
Isha Joshi,Female,54,North,Mobile,7,34728,UPI,1/26/2024,3.7,243096
Krishna Kumar,Female,53,South,Charger,8,14640,Card,9/6/2024,3.6,117120
Kavya Nair,Male,41,North,Charger,1,32155,UPI,3/26/2023,1.3,32155
Diya Sharma,Male,48,West,Tablet,8,43972,Card,11/13/2023,2.6,351776
Vivaan Joshi,Female,23,East,Charger,4,49937,UPI,7/31/2023,1.7,199748
Rohan Kumar,Female,19,North,Laptop,4,49916,UPI,5/29/2024,1.6,199664
Ishaan Verma,Female,37,West,Laptop,4,7316,Cash,1/19/2024,4.3,29264
Kavya Nair,Female,45,West,Tablet,6,12139,Netbanking,11/21/2024,1.2,72834
Krishna Joshi,Female,28,East,Charger,7,47692,Netbanking,12/8/2023,2.7,333844
Tanya Choudhary,Female,21,East,Charger,6,47233,Cash,2/7/2023,1.7,283398
Aryan Mishra,Female,32,West,Charger,1,29992,Card,5/25/2024,4.5,29992
Riya Reddy,Female,23,North,Tablet,8,11740,Cash,2/24/2024,3.2,93920
Rohan Kumar,Male,47,East,Charger,7,33198,UPI,6/18/2023,1.9,232386
Sneha Patel,Female,55,West,Mobile,6,27457,Netbanking,12/9/2023,3,164742
Ananya Reddy,Female,19,South,Headphones,6,33308,Card,11/2/2023,3.9,199848
Riya Gupta,Male,32,South,Tablet,5,6327,UPI,6/25/2024,4.8,31635
Ishaan Nair,Female,28,East,Tablet,6,33262,Card,12/2/2024,1.9,199572
Krishna Verma,Female,25,South,Charger,9,8759,UPI,6/20/2024,4.5,78831
Aarav Kumar,Female,43,West,Tablet,9,15349,Netbanking,4/22/2023,4.7,138141
Vihaan Kumar,Female,22,North,Laptop,8,16732,UPI,2/15/2024,4.7,133856
Diya Choudhary,Female,23,North,Mobile,9,41072,UPI,7/25/2023,3.5,369648
Aisha Nair,Female,43,South,Tablet,8,24673,UPI,7/4/2023,3.5,197384
Priya Mishra,Female,21,West,Laptop,8,5874,Cash,1/17/2024,2.6,46992
Krishna Choudhary,Female,36,North,Laptop,1,21674,Netbanking,5/10/2024,4,21674
Aarav Mishra,Male,37,East,Headphones,5,24067,Netbanking,1/14/2024,3.1,120335
Simran Sharma,Female,50,West,Mobile,4,35792,UPI,2/16/2023,3.7,143168
Vivaan Joshi,Male,37,West,Laptop,2,9777,Netbanking,7/4/2024,2.7,19554
Krishna Gupta,Male,29,East,Headphones,8,32100,Card,6/11/2024,3.9,256800
Sneha Joshi,Male,18,West,Laptop,3,10385,Netbanking,5/18/2024,4.3,31155
Simran Kumar,Male,43,South,Headphones,4,1278,UPI,1/22/2023,1.6,5112
Priya Verma,Male,31,East,Charger,7,29665,Netbanking,8/1/2023,4.3,207655
Rohan Reddy,Female,55,East,Tablet,9,1992,UPI,11/6/2023,3.2,17928
Simran Kumar,Female,54,East,Mobile,2,30962,Cash,10/22/2024,4.4,61924
Diya Patel,Female,28,East,Tablet,3,14115,Netbanking,9/29/2023,2.7,42345
Krishna Gupta,Female,53,South,Mobile,4,45400,Card,7/24/2024,2.5,181600
Diya Nair,Male,30,East,Headphones,1,43446,UPI,7/21/2023,4.7,43446
Aarav Mishra,Female,20,East,Tablet,7,8351,Cash,2/1/2023,2,58457
Sneha Nair,Male,50,North,Mobile,2,16788,Cash,3/18/2024,4.4,33576
Aryan Joshi,Female,23,East,Headphones,5,7656,Cash,6/11/2023,2.9,38280
Rahul Mishra,Female,27,West,Mobile,1,2544,Netbanking,9/11/2023,3.1,2544
Tanya Reddy,Female,22,South,Laptop,3,7868,Card,6/4/2024,2.2,23604
Sneha Kumar,Female,40,South,Mobile,2,20400,Cash,10/12/2024,3.3,40800
Aditya Verma,Female,27,North,Mobile,1,31100,Cash,4/24/2024,2.3,31100
Krishna Nair,Male,19,South,Headphones,7,46903,Netbanking,1/10/2023,1.2,328321
Aryan Sharma,Male,30,West,Charger,5,26134,Netbanking,12/26/2024,2.1,130670
Riya Sharma,Male,57,East,Mobile,1,9668,Card,5/19/2024,1,9668
Aarav Choudhary,Female,19,North,Laptop,6,21461,Card,7/13/2024,4.9,128766
Diya Reddy,Female,37,South,Headphones,5,44596,Card,3/11/2024,4.9,222980
Ishaan Mishra,Female,18,East,Laptop,3,46587,Cash,4/21/2023,2.6,139761
Aryan Patel,Male,54,East,Charger,7,24352,Cash,6/2/2023,3.9,170464
Krishna Choudhary,Female,26,West,Headphones,9,33610,Netbanking,9/26/2024,2.4,302490
Aarav Nair,Male,34,South,Headphones,9,32674,Cash,4/12/2023,3.7,294066
Vivaan Verma,Female,26,South,Tablet,9,34715,UPI,7/10/2023,4.2,312435
Simran Joshi,Male,28,South,Mobile,2,27455,Card,12/29/2024,4.8,54910
Simran Choudhary,Male,32,East,Laptop,3,7081,Cash,7/16/2024,2.6,21243
Aryan Patel,Male,41,North,Laptop,7,45119,Card,3/22/2023,4.1,315833
Aarav Patel,Male,55,West,Tablet,5,6817,Cash,5/3/2024,2.1,34085
Kabir Mishra,Female,52,East,Headphones,2,43356,Card,3/29/2023,5,86712
Sneha Kumar,Female,47,North,Tablet,3,46214,Card,7/13/2023,1.1,138642
Kavya Verma,Male,48,East,Mobile,6,27149,Card,4/14/2023,3.4,162894
Krishna Kumar,Female,22,South,Laptop,7,23632,Netbanking,4/6/2023,3.6,165424
Kabir Verma,Female,31,West,Headphones,9,17289,Netbanking,2/27/2024,3.8,155601
Riya Gupta,Female,28,North,Mobile,1,15067,Card,7/17/2023,1.5,15067
Krishna Kumar,Male,26,West,Headphones,7,15368,Card,1/1/2023,4.8,107576
Aisha Nair,Female,51,East,Charger,8,24870,Card,2/11/2024,1.7,198960
Isha Joshi,Female,29,West,Laptop,3,43033,Cash,1/13/2024,3.5,129099
Vihaan Reddy,Female,52,West,Mobile,4,30983,Cash,6/16/2023,1.9,123932
Vihaan Verma,Female,52,South,Mobile,6,12966,Card,5/23/2024,2.2,77796
Vihaan Patel,Female,18,South,Headphones,7,29303,Cash,9/29/2024,3.2,205121
Isha Sharma,Male,57,South,Charger,4,18730,Cash,11/9/2023,2.7,74920
Diya Choudhary,Male,39,East,Laptop,8,18362,Card,8/15/2024,1.6,146896
Isha Choudhary,Female,46,South,Charger,5,43855,UPI,2/22/2024,1.7,219275
Ishaan Sharma,Male,25,South,Charger,1,31759,Netbanking,11/11/2024,2.7,31759
Ishaan Choudhary,Male,28,North,Laptop,4,34039,UPI,4/21/2024,4,136156
Aditya Gupta,Female,58,East,Headphones,3,22409,Netbanking,3/14/2023,4.6,67227
Simran Kumar,Female,54,East,Tablet,9,31295,UPI,5/21/2023,1.3,281655
Rahul Choudhary,Male,31,South,Mobile,8,49568,Card,8/4/2024,2.6,396544
Ananya Gupta,Male,47,East,Mobile,1,9270,Card,9/19/2023,1.4,9270
Ishaan Kumar,Male,52,East,Tablet,6,11593,UPI,12/6/2023,1.1,69558
Tanya Sharma,Female,38,East,Mobile,9,47071,Netbanking,11/4/2023,3.6,423639
Vihaan Kumar,Male,54,East,Mobile,7,693,Netbanking,9/2/2023,3.4,4851
Rohan Mishra,Female,22,West,Tablet,4,35275,Netbanking,5/29/2024,1.7,141100
Aryan Mishra,Male,36,West,Headphones,1,18069,Card,12/3/2023,1.9,18069
Aarav Gupta,Female,31,South,Laptop,2,11690,Card,7/28/2024,1.1,23380
Ananya Reddy,Female,43,North,Charger,5,43252,UPI,7/14/2024,4.3,216260
Aisha Reddy,Male,21,South,Laptop,5,32827,UPI,3/17/2023,4.9,164135
Vivaan Choudhary,Male,42,East,Tablet,8,42570,UPI,6/24/2023,1.5,340560
Sneha Reddy,Female,59,South,Mobile,6,20889,UPI,4/19/2023,1.9,125334
Vihaan Gupta,Female,42,South,Headphones,8,40697,Card,7/2/2023,4.5,325576
Aryan Reddy,Female,35,East,Charger,2,2761,Card,7/11/2023,4.7,5522
Priya Choudhary,Female,57,West,Tablet,3,28869,Netbanking,3/6/2023,2.7,86607
Diya Patel,Female,25,North,Laptop,6,27012,Card,4/18/2024,1.2,162072
Simran Nair,Male,56,East,Tablet,3,7216,Cash,4/10/2023,1.2,21648
Rohan Nair,Male,57,South,Tablet,6,21759,Netbanking,6/27/2024,3.3,130554
Vihaan Kumar,Male,31,East,Laptop,6,29433,UPI,5/8/2023,2.6,176598
Riya Patel,Female,49,North,Mobile,2,42189,UPI,3/27/2024,1.1,84378
Vivaan Sharma,Female,55,East,Laptop,7,4878,Netbanking,1/4/2024,3.3,34146
Aryan Mishra,Female,50,North,Charger,2,41083,Card,2/12/2023,1,82166
Aryan Verma,Male,40,East,Mobile,6,47046,Card,2/23/2024,4.1,282276
Aisha Choudhary,Male,32,North,Tablet,1,20335,Cash,5/2/2024,2.2,20335
Riya Reddy,Male,50,South,Tablet,3,29533,Cash,3/19/2023,1.2,88599
Aryan Patel,Male,42,West,Charger,2,24500,Netbanking,9/27/2023,3.4,49000
Riya Reddy,Female,34,West,Mobile,7,45996,Cash,11/4/2024,2.6,321972
Aditya Choudhary,Male,50,East,Charger,4,10832,Card,12/1/2024,4.9,43328
Tanya Gupta,Male,19,South,Headphones,8,43104,Netbanking,12/28/2024,3.2,344832
Vivaan Choudhary,Female,31,East,Mobile,6,3300,UPI,11/11/2023,2.1,19800
Aisha Verma,Female,57,South,Mobile,4,30038,UPI,6/17/2023,3.8,120152
Aryan Kumar,Male,57,South,Laptop,5,30619,UPI,12/5/2023,2.1,153095
Priya Joshi,Female,56,East,Laptop,9,8833,Netbanking,7/12/2023,4.6,79497
Diya Patel,Female,23,South,Laptop,7,5910,Netbanking,3/28/2024,2.5,41370
Vivaan Mishra,Male,23,East,Tablet,9,18339,Card,10/10/2023,3.2,165051
Aarav Verma,Male,20,East,Charger,7,31019,Card,12/2/2023,1.2,217133
Rohan Mishra,Female,24,East,Charger,1,6308,Netbanking,1/25/2024,2.7,6308
Aisha Joshi,Female,25,South,Charger,8,7296,Cash,6/8/2024,4.3,58368
Priya Verma,Male,59,South,Tablet,4,21680,Netbanking,8/28/2023,4.2,86720
Kabir Mishra,Female,32,South,Headphones,3,43556,Netbanking,4/27/2024,1.9,130668
Riya Patel,Female,46,South,Laptop,7,18209,Cash,10/20/2024,1.9,127463
Kabir Gupta,Male,50,West,Tablet,3,18043,UPI,12/16/2024,4.3,54129
Aditya Gupta,Male,47,North,Tablet,8,37918,Card,8/14/2024,4.7,303344
Kavya Reddy,Female,56,North,Tablet,6,29575,UPI,7/8/2024,1.4,177450
Riya Sharma,Female,44,South,Mobile,5,38255,Cash,4/2/2024,2.8,191275
Vivaan Gupta,Male,53,West,Mobile,4,48468,Cash,3/30/2023,2.3,193872
Ananya Joshi,Female,46,West,Headphones,8,37965,Card,10/21/2024,4.5,303720
Kavya Reddy,Female,55,South,Charger,8,31002,Card,4/5/2023,1.3,248016
Rohan Sharma,Male,50,East,Mobile,1,17224,UPI,3/27/2024,1.8,17224
Priya Kumar,Female,54,North,Headphones,9,4328,Cash,3/3/2024,4,38952
Aryan Verma,Female,44,West,Tablet,5,17587,Cash,5/31/2023,1.2,87935
Vivaan Gupta,Male,50,North,Charger,4,13105,Card,5/28/2024,3,52420
Aryan Reddy,Female,21,East,Tablet,6,31837,Cash,1/11/2024,2.8,191022
Aarav Verma,Male,39,East,Mobile,6,5982,Cash,1/22/2023,2.3,35892
Tanya Nair,Female,19,North,Mobile,2,27505,Netbanking,11/9/2023,2.6,55010
Priya Mishra,Female,27,North,Tablet,8,23260,Netbanking,6/2/2024,3.1,186080
Vivaan Mishra,Female,22,North,Charger,7,5963,Netbanking,7/25/2023,1.6,41741
Aisha Gupta,Male,27,West,Mobile,1,47128,UPI,1/10/2024,3.3,47128
Aarav Gupta,Male,50,West,Tablet,5,5412,Netbanking,3/26/2024,4.2,27060
Isha Mishra,Male,55,North,Headphones,6,5148,Card,9/17/2024,4,30888
Rahul Nair,Male,30,West,Tablet,4,34123,Cash,8/17/2024,1.6,136492
Riya Kumar,Male,48,West,Mobile,2,36134,Card,6/28/2023,1.6,72268
Isha Sharma,Female,53,East,Tablet,4,45102,Netbanking,7/29/2023,2.1,180408
Aarav Patel,Male,41,West,Mobile,1,49562,UPI,5/14/2024,2.4,49562
Kabir Sharma,Female,32,West,Laptop,7,49834,UPI,4/8/2024,2.6,348838
Krishna Gupta,Male,46,East,Laptop,2,3612,Card,5/4/2023,3.7,7224
Vihaan Kumar,Female,25,North,Headphones,2,22554,Card,4/23/2023,1.2,45108
Kavya Joshi,Male,22,West,Charger,9,4992,UPI,1/12/2023,1.1,44928
